,title,originallink,link,description,pubDate,context
0,"<b>삼성전자</b>, <b>버즈2프로</b> SW <b>업데이트</b>…&quot;360도 소리 녹음 지원&quot;",https://www.yna.co.kr/view/AKR20230113032300017?input=1195m,https://n.news.naver.com/mnews/article/001/0013698181?sid=105,<b>삼성전자</b>는 스마트폰으로 동영상 촬영 시 전방위서 들려오는 소리를 녹음할 수 있도록 갤럭시 <b>버즈2 프로</b> 및 갤럭시 Z 플립4·폴드4의 소프트웨어 <b>업데이트</b>를 13일부터 시행한다고 밝혔다. 소프트웨어를 <b>업데이트</b>하면... ,"Fri, 13 Jan 2023 09:12:00 +0900","= 삼성전자는 스마트폰으로 동영상 촬영 시 전방위서 들려오는 소리를 녹음할 수 있도록 갤럭시 버즈2 프로 및 갤럭시 Z 플립4·폴드4의 소프트웨어 업데이트를 13일부터 시행한다고 밝혔다.소프트웨어를 업데이트하면 버즈2 프로 좌우에 있는 마이크가 모두 사용돼 360도에서 들려오는 소리를 플립4·폴드4로 녹음할 수 있다. 녹음에는 차세대 블루투스 오디오 기술 표준인 LE 오디오가 적용됐다.이와 함께 삼성전자는 다음 달 갤럭시 워치5와 워치4 시리즈에 카메라 줌 인, 줌 아웃 기능을 추가한다고 전했다.삼성전자는 ""갤럭시 제품 간 연동을 통해 더욱 향상된 카메라 경험을 제공할 것""이라며 ""다음 달 진행되는 갤럭시 언팩에서 새로운 갤럭시 스마트폰과 관련된 더 많은 내용을 소개할 것""이라고 말했다"
1,"<b>삼성전자</b>, <b>버즈2프로</b> SW <b>업데이트</b>…스마트폰 영상촬영 가능 향상",http://www.ezyeconomy.com/news/articleView.html?idxno=121633,http://www.ezyeconomy.com/news/articleView.html?idxno=121633,<b>삼성전자</b>는 갤럭시 <b>버즈2 프로</b>와 갤럭시 Z 플립4·폴드4의 소프트웨어(SW) <b>업데이트</b>를 13일부터 시행한다. 스마트폰 동영상 촬영 시 전방위서 들려오는 소리를 녹음할 수 있게 하기 위해서다. 소프트웨어를... ,"Mon, 16 Jan 2023 10:04:00 +0900","[=김진이 기자] 삼성전자는 갤럭시 버즈2 프로와 갤럭시 Z 플립4·폴드4의 소프트웨어(SW) 업데이트를 13일부터 시행한다. 스마트폰 동영상 촬영 시 전방위서 들려오는 소리를 녹음할 수 있게 하기 위해서다. 소프트웨어를 업데이트하면 버즈2 프로 좌우에 있는 마이크가 모두 사용돼 360도에서 들려오는 소리를 플립4·폴드4로 녹음할 수 있다. 녹음에는 차세대 블루투스 오디오 기술 표준인 LE 오디오가 적용됐다. 이와 함께 삼성전자는 다음 달 갤럭시 워치5와 워치4 시리즈에 카메라 줌 인, 줌 아웃 기능을 추가한다. 삼성전자는 스마트폰 동영상 촬영 시 360도 사운드 녹음이 가능하도록 갤럭시 버즈2 프로와 갤럭시 Z 플립4∙폴드4의 소프트웨어 업데이트를 시행한다. 사진=삼성전자 버즈2 프로를 착용하고 '360 오디오 레코딩' 기능을 통해 연결된 Z 플립4·폴드4로 북적거리는 행사장 혹은 자연의 소리가 가득한 숲 한가운데서 동영상을 촬영할 경우 촬영자는 연결된 버즈2 프로를 통해 본인이 듣는 그대로의 생생한 몰입형 사운드를 녹음할 수 있게 된다. 이는 갤럭시 버즈2 프로의 좌우에 위치한 마이크를 모두 사용해 360도 사운드를 포착하기 때문이다. 전문 장비 없이도 누구나 언제 어디서든 고품질의 실감나는 오디오를 동영상에 담을 수 있다는 게 삼성전자의 설명이다. 특히 360 오디오 레코딩은 차세대 블루투스 오디오 기술 표준인 'LE 오디오(Low Energy Audio)'가 적용됐다. LE 오디오 기술은 보다 풍부하고 섬세한 사운드, 매끄러운 연결성, 향상된 배터리 수명을 제공한다. 스마트폰 카메라 사용성 향상을 위해 갤럭시 워치5와 워치4 시리즈에 카메라 줌 인 줌 아웃 기능도 추가된다. 해당 기능은 2월 중 기존의 워치 카메라 컨트롤러 앱에 추가된다. 현재는 사진 촬영과 촬영한 사진 보기, 촬영 모드 전환, 타이머 설정이 가능하다. 사용자는 시계 화면을 손가락으로 늘리거나 줄이는 핀치 동작이나, 시계의 베젤을 돌려 갤럭시 스마트폰의 카메라 줌을 원격으로 제어할 수 있게 된다. 이를 통해 스마트폰을 먼 거리에 세워두고 단체 사진이나 단독 셀카를 찍을 때 카메라가 있는 곳까지 돌아갈 필요없이 손목에서 바로 손쉽게 화면 배율 조정이 가능해진다. 해당 기능은 원 UI 5.1 소프트웨어 지원 스마트폰과 연동해 이용할 수 있다. 적용 모델과 세부 시점은 추후 안내될 예정이다 삼성전자 관계자는 ""삼성전자는 갤럭시 제품간 연동을 통해 보다 향상된 카메라 경험을 제공할 것""이라며 ""다음달 1일 진행되는 갤럭시 언팩에서 새로운 갤럭시 스마트폰과 관련된 더 많은 내용들이 소개 될 것""이라고 말했다."
2,"<b>삼성전자</b>, <b>버즈2프로</b> SW <b>업데이트</b>…&quot;360도 소리 녹음 지원&quot;",https://www.joongang.co.kr/article/25133414,https://n.news.naver.com/mnews/article/025/0003253177?sid=105,"<b>삼성전자</b>에 따르면, 이날부터 소프트웨어를 <b>업데이트</b>하면 <b>버즈2 프로</b> 좌우에 있는 마이크가 모두 사용돼 360도에서 들려오는 소리를 플립4·폴드4로 녹음할 수 있다. 녹음에는 차세대 블루투스 오디오 기술 표준인 LE... ","Fri, 13 Jan 2023 10:46:00 +0900","삼성전자가 스마트폰으로 동영상 촬영 시 전방위서 들려오는 소리를 녹음할 수 있도록 갤럭시 버즈2 프로 및 갤럭시 Z 플립4·폴드4의 소프트웨어 업데이트를 13일부터 시행한다.삼성전자에 따르면, 이날부터 소프트웨어를 업데이트하면 버즈2 프로 좌우에 있는 마이크가 모두 사용돼 360도에서 들려오는 소리를 플립4·폴드4로 녹음할 수 있다. 녹음에는 차세대 블루투스 오디오 기술 표준인 LE 오디오가 적용됐다.이와 함께 삼성전자는 다음 달 갤럭시 워치5와 워치4 시리즈에 카메라 줌 인, 줌 아웃 기능을 추가한다고 전했다.삼성전자는 ""갤럭시 제품 간 연동을 통해 더욱 향상된 카메라 경험을 제공할 것""이라며 ""다음 달 진행되는 갤럭시 언팩에서 새로운 갤럭시 스마트폰과 관련된 더 많은 내용을 소개할 것""이라고 말했다."
3,<b>삼성전자 버즈2 프로 업데이트</b>···“360도 소리 녹음 지원”,https://www.khan.co.kr/economy/business/article/202301131157001,https://n.news.naver.com/mnews/article/032/0003198948?sid=101,<b>삼성전자</b>는 스마트폰으로 동영상 촬영 시 전방위에서 들려오는 소리를 녹음할 수 있도록 갤럭시 <b>버즈2 프로</b> 및 갤럭시 Z 플립4·폴드4의 소프트웨어 <b>업데이트</b>를 시행한다고 13일 밝혔다. 소프트웨어를 <b>업데이트</b>하면 <b>버즈2</b>... ,"Fri, 13 Jan 2023 11:58:00 +0900","삼성전자는 스마트폰으로 동영상 촬영 시 전방위에서 들려오는 소리를 녹음할 수 있도록 갤럭시 버즈2 프로 및 갤럭시 Z 플립4·폴드4의 소프트웨어 업데이트를 시행한다고 13일 밝혔다.소프트웨어를 업데이트하면 버즈2 프로 좌우에 있는 마이크가 모두 사용돼 360도에서 들려오는 소리를 플립4·폴드4로 녹음할 수 있다. 녹음에는 차세대 블루투스 오디오 기술 표준인 LE 오디오가 적용됐다.아울러 삼성전자는 내달 중 갤럭시 워치5와 워치4 시리즈에 카메라 줌 인과 줌 아웃 기능도 추가할 예정이다.삼성전자 관계자는 ""갤럭시 제품 간 연동을 통해 더 향상된 카메라 경험을 제공할 것""이라며 ""다음 달 진행되는 갤럭시 언팩에서 새로운 갤럭시 스마트폰과 관련된 더 많은 내용을 소개하겠다""고 말했다."
4,"[기업] <b>삼성</b>, 무선이어폰 <b>업데이트</b>로 360도 사운드 녹음 가능",https://www.ytn.co.kr/_ln/0102_202301131647168253,https://n.news.naver.com/mnews/article/052/0001837426?sid=101,<b>삼성전자</b>가 갤럭시 <b>버즈2 프로</b> 소프트웨어 <b>업데이트</b>를 통해 스마트폰 카메라 사용성을 한 단계 더 높였습니다. <b>삼성전자</b>는 휴대전화로 동영상을 찍을 때 360도 사운드 녹음이 가능하도록 갤럭시 <b>버즈2 프로</b>와 갤럭시Z... ,"Fri, 13 Jan 2023 16:47:00 +0900","삼성전자가 갤럭시 버즈2 프로 소프트웨어 업데이트를 통해 스마트폰 카메라 사용성을 한 단계 더 높였습니다. 삼성전자는 휴대전화로 동영상을 찍을 때 360도 사운드 녹음이 가능하도록 갤럭시 버즈2 프로와 갤럭시Z 플립4, 폴드4의 소프트웨어 업데이트를 시행한다고 밝혔습니다. 소프트웨어 업데이트를 통해 버즈2 프로 좌우에 있는 마이크로 사용자가 듣는 그대로의 소리를 생생하게 녹음할 수 있다고 삼성전자 측은 설명했습니다. ※ '당신의 제보가 뉴스가 됩니다' [카카오톡] YTN 검색해 채널 추가 [전화] 02-398-8585 [메일]"
5,"갤워치로 스마트폰 카메라 줌 인·아웃…<b>삼성전자</b>, 갤Z플립4 등 기능 <b>업데이트</b>",https://sports.donga.com/article/all/20230116/117446350/4,https://n.news.naver.com/mnews/article/382/0001027820?sid=101,<b>삼성전자</b>는 스마트폰 동영상 촬영 시 360도 사운드 녹음이 가능하도록 ‘갤럭시<b>버즈2 프로</b>’와 ‘갤럭시Z플립4·폴드4’의 소프트웨어 <b>업데이트</b>를 단행했다. 또 ‘갤럭시워치5·워치4’ 시리즈 <b>업데이트</b>로 스마트폰... ,"Mon, 16 Jan 2023 10:01:00 +0900","삼성전자는 스마트폰 동영상 촬영 시 360도 사운드 녹음이 가능하도록 '갤럭시버즈2 프로'와 '갤럭시Z플립4·폴드4'의 소프트웨어 업데이트를 단행했다. 또 '갤럭시워치5·워치4' 시리즈 업데이트로 스마트폰 카메라를 원격으로 줌 인·줌 아웃 할 수 있는 기능을 추가한다.먼저 버즈2 프로를 착용하고 연결된 갤럭시Z플립4·폴드4로 북적거리는 행사장이나 자연의 소리가 가득한 숲 한가운데서 동영상을 촬영할 경우, 촬영자는 연결된 버즈2 프로를 통해 본인이 듣는 그대로의 생생한 몰입형 사운드를 녹음할 수 있다. 갤럭시 버즈2 프로의 좌우에 위치한 마이크를 모두 사용해 360도 사운드를 포착하기 때문이다.갤럭시워치5와 워치4 시리즈의 카메라 줌 인·줌 아웃 기능은 2월 중 기존 워치 카메라 컨트롤러 앱에 추가된다. 사용자는 시계 화면을 손가락으로 늘리거나 줄이는 핀치 동작 또는 시계의 베젤을 돌려 스마트폰의 카메라 줌을 원격으로 제어할 수 있게 된다. 스마트폰을 먼 거리에 세워두고 단체 사진이나 단독 셀카를 찍을 때 카메라가 있는 곳까지 돌아갈 필요없이 손목에서 바로 손쉽게 화면 배율 조정이 가능해진다. 이 기능은 원 UI 5.1 소프트웨어 지원 스마트폰과 연동해 이용 가능하다.김명근 기자"
6,"<b>삼성전자</b>, <b>버즈2프로</b>·갤워치 SW <b>업데이트</b>…&quot;카메라 사용성 강화&quot;",http://news.tf.co.kr/read/economy/1992273.htm,https://n.news.naver.com/mnews/article/629/0000195412?sid=105,이번 <b>업데이트</b>는 이날부터 시행되며 스마트폰으로 동영상 촬영 시 360 오디오 레코딩 기능을 지원하는 것이 특징이다. <b>삼성전자</b>는 &quot;갤럭시 <b>버즈2 프로</b>의 좌우에 위치한 마이크를 모두 사용해 360도 사운드를 포착한다&quot;며... ,"Fri, 13 Jan 2023 10:57:00 +0900","삼성전자가 스마트폰과 웨어러블 기기의 연동을 강화해 카메라 사용성을 개선한다.삼성전자는 스마트폰 동영상 촬영 시 360도 사운드 녹음이 가능하도록 무선어폰 '갤럭시 버즈2 프로'와 스마트폰 갤럭시Z플립4·폴드4의 소프트웨어 업데이트를 시행한다고 13일 밝혔다.이번 업데이트는 이날부터 시행되며 스마트폰으로 동영상 촬영 시 360 오디오 레코딩 기능을 지원하는 것이 특징이다.삼성전자는 ""갤럭시 버즈2 프로의 좌우에 위치한 마이크를 모두 사용해 360도 사운드를 포착한다""며 ""이를 통해 전문 장비 없이도 언제 어디서든, 누구나 고품질의 실감 나는 오디오를 동영상에 담을 수 있다""고 설명했다.360 오디오 레코딩은 차세대 블루투스 오디오 기술 표준인 'LE 오디오'를 적용했다. LE 오디오 기술은 풍부하고 섬세한 사운드, 매끄러운 연결성, 향상된 배터리 수명을 제공하는 것이 특징이다.아울러 삼성전자는 스마트워치 갤럭시 워치5와 워치4 시리즈도 소프트웨어 업데이트를 통해 스마트폰 카메라를 원격으로 줌 인·줌 아웃 할 수 있는 기능을 추가한다고 밝혔다. 해당 기능은 2월 중 기존의 워치 카메라 컨트롤러 앱에 추가될 예정이다.사용자는 시계 화면을 손가락으로 늘리거나 줄이는 핀치 동작이나, 시계의 베젤을 돌려 갤럭시 스마트폰의 카메라 줌을 원격으로 제어할 수 있게 된다. 이를 통해 스마트폰을 먼 거리에 세워두고 촬영할 때 손쉽게 화면 배율 조정을 할 수 있다.해당 기능은 원 UI 5.1 소프트웨어 지원 스마트폰과 연동해 이용할 수 있다. 적용 모델과 세부 시점은 추후 안내된다.삼성전자 관계자는 ""삼성전자는 갤럭시 제품 간 연동을 통해 보다 향상된 카메라 경험을 제공할 것""이라며 ""다음 달 1일 열리는 갤럭시 언팩에서 새로운 갤럭시 스마트폰과 관련된 더 많은 내용들이 소개될 것""이라고 예고했다.▶카카오톡: '더팩트제보' 검색▶이메일: ▶뉴스 홈페이지:"
7,"<b>삼성전자</b>, <b>버즈2 프로</b> SW<b>업데이트</b>…360 오디오 레코딩 지원",http://www.m-i.kr/news/articleView.html?idxno=979561,http://www.m-i.kr/news/articleView.html?idxno=979561,사진=<b>삼성전자</b> 제공  <b>삼성전자</b>는 갤럭시 <b>버즈2 프로</b>와 갤럭시 Z 플립4·폴드4의 소프트웨어 <b>업데이트</b>를 통해 360 오디오 레코딩 기능을 지원한다고 13일 밝혔다. 앞으로 <b>버즈2 프로</b> 착용자는 Z 플립4·폴드4로 동영상을... ,"Fri, 13 Jan 2023 09:04:00 +0900","갤럭시 워치5·워치4 시리즈에 카메라 줌인·줌아웃 기능 탑재 사진=삼성전자 제공 [ 신지하 기자] 삼성전자는 갤럭시 버즈2 프로와 갤럭시 Z 플립4·폴드4의 소프트웨어 업데이트를 통해 360 오디오 레코딩 기능을 지원한다고 13일 밝혔다. 앞으로 버즈2 프로 착용자는 Z 플립4·폴드4로 동영상을 촬영하면 본인이 듣는 소리 자체를 녹음을 할 수 있게 된다. 이는 갤럭시 버즈2 프로 좌우의 마이크가 360도 사운드를 포착하기 때문이다. 360 오디오 레코딩은 차세대 블루투스 오디오 기술 표준인 LE 오디오를 적용했다. LE 오디오 기술은 보다 풍부하고 섬세한 사운드, 매끄러운 연결성, 향상된 배터리 수명을 제공한다고 회사는 설명했다. 이날 삼성전자는 스마트폰 카메라 사용성 향상을 위해 갤럭시 워치5와 워치4 시리즈에 카메라 줌 인 줌 아웃 기능도 추가한다고 밝혔다. 이 기능은 다음 달 중 기존의 워치 카메라 컨트롤러 앱에 추가된다. 현재는 사진 촬영, 촬영한 사진 보기, 촬영 모드 전환, 타이머 설정이 가능하다. 이를 통해 스마트폰을 먼 거리에 세워두고 단체 사진이나 단독 셀카를 찍을 때 카메라가 있는 곳까지 돌아갈 필요없이 손목에서 바로 손쉽게 화면 배율 조정을 할 수 있게 된다. 이 기능은 원 UI 5.1 소프트웨어 지원 스마트폰과 연동해 이용 가능하다. 적용 모델과 세부 시점은 추후 안내될 예정이다. 삼성전자 관계자는 ""삼성전자는 갤럭시 제품간 연동을 통해 보다 향상된 카메라 경험을 제공할 것""이라며 ""다음 달 1일 진행되는 갤럭시 언팩에서 새로운 갤럭시 스마트폰과 관련된 더 많은 내용들을 소개할 것""이라고 말했다. 저작권자 무단전재 및 재배포 금지"
8,[<b>삼성</b> 신성장동력] 新모델 없는 &apos;갤럭시 <b>버즈</b>&apos;…재고 문제 해결해야,https://dealsite.co.kr/articles/97403,https://dealsite.co.kr/articles/97403,갤럭시 <b>버즈2 프로</b>와 갤럭시 Z 플립4·폴드4의 소프트웨어 <b>업데이트</b>를 시행한다고 밝혔다. 통상 <b>삼성전자</b>는... 시장조사업체 카운터포인트리서치는 2021년 무선이어폰 시장에서 <b>삼성전자</b>가 점유율 7.<b>2</b>%로 3위를 기록한... ,"Mon, 16 Jan 2023 08:36:00 +0900","약 6개월 사이로 신제품을 출시하던 삼성전자는 이후 1년 만인 2022년 8월 버즈 프로2(R510)를 출시했다. 이와 더불어 존 고급형, 중급형, 보급형 라인이었던 3개 라인도 버즈 라이브를 없애고 고급형과 보급형 2개 라인으로 재편했다. 13일 업계에 따르면 삼성전자는 2020년 2월 버즈 플러스(모델명 R175)를 첫 출시한 이후 같은 해 8월 버즈 라이브(R180)를 선보였다. 이어 2021년 1월 버즈 프로(R190), 같은해 8월 버즈2(R177)를 출시했다. 삼성전자는 매년 갤럭시 버즈, 버즈 라이브, 버즈 프로 등 꾸준히 신제품을 출시했다. 하지만 올해는 수익성, 재고 문제 등으로 인해 이어폰 신제품을 출시하지 않을 예정이다. [딜사이트 김민기 기자] 삼성전자의 새로운 먹거리로 보였던 무선 이어폰이 애플이라는 큰 벽과 중국 기업의 저가 공세를 막지 못하면서 어려움을 겪고 있다. ◆ 신제품대신 업데이트로 대응 업계에서는 올해 삼성전자의 무선 이어폰 신제품 출시는 없을 것으로 전망하고 있다. 2024년에 보급형 라인인 버즈3가 신제품으로 출시되고 고급형인 버즈 프로3는 2025년에나 나올 것으로 예상하고 있다. 실제 삼성전자는 이번 2월 1일 미국 샌프란시스코에서 열리는 '삼성 갤럭시 언팩 2023' 행사를 앞두고 버즈 신제품 출시를 대신해 업데이트를 실시하겠다고 밝혔다. 삼성전자는 스마트폰 동영상 촬영 시 360도 사운드 녹음이 가능하도록 갤럭시 버즈2 프로와 갤럭시 Z 플립4·폴드4의 소프트웨어 업데이트를 시행한다고 밝혔다. 통상 삼성전자는 언팩행사에서 무선 이어폰 신제품을 공개해 왔다. 삼성전자는 2020년 2월 갤럭시 S11과 함께 새로운 무선 이어폰인 '갤럭시 버즈 플러스'를 선보였다. 이 제품은 애플을 견제하기 위해 '에어팟 프로'처럼 액티브 노이즈 캔슬링 기능을 품었다. 지난해 8월 갤럭시 언팩 2022에서 갤럭시 Z 시리즈와 함께 무선 이어폰 갤럭시 버즈2 프로도 공개했다. 하지만 이번에는 소프트웨어 업데이트 이외에 새로운 신제품 출시는 이뤄지지 않는다. 삼성전자 관계자는 ""갤럭시 버즈2 신제품 나온 지가 6개월 밖에 안 된 상황""이라며 ""올해 신제품 출시와 관련해서는 아직 잘 모르겠다""고 답했다. ◆ 힘겨운 애플과 경쟁 그동안 삼성전자는 애플의 무선 이어폰 '에어팟'을 잡기 위해 공격적인 마케팅과 제품 출시를 이어왔다. 애플과 경쟁을 강화하기 위해 기존 3개였던 제품 라인도 2개로 줄이며 집중력을 높였다. 시장에서도 글로벌 스마트폰 시장 포화기에 무선 이어폰이 삼성전자의 새로운 먹거리가 될 것이라는 전망이 우세했다. 글로벌 시장조사업체 블루위브컨설팅에 따르면 무선 이어폰 시장 규모는 2021년 23조8443억원(182억7290만달러)에서 오는 2028년 87조3823억원(699억6480만달러)으로 약 3배 이상 성장할 것으로 점쳐졌다. 시장조사업체 스트래티지 애널리틱스(SA)도 글로벌 무선이어폰 시장 규모는 오는 2024년에는 12억대 규모까지 확대될 것으로 전망했다. 삼성전자 역시 2019년 초 갤럭시 버즈의 인기에 힘입어 애플에 이어 시장 점유율 2위를 기록하기도 했다. 그러나 샤오미 등 중국 업체의 공세가 만만치 않아 3위로 밀려났다. 시장조사업체 카운터포인트리서치는 2021년 무선이어폰 시장에서 삼성전자가 점유율 7.2%로 3위를 기록한 것으로 파악했다. 1위는 애플(25.6%), 2위는 샤오미(9.0%)가 차지했다. ◆ 신제품 출시에도 오히려 점유율 감소 문제는 지난해 삼성전자가 갤럭시 버즈2 프로 출시에도 불구하고 지난해 3분기 무선이어폰 시장에서 시장 점유율이 큰 폭으로 하락했다는 점이다. 시장조사기관 카날리스 보고서에 따르면 지난해 3분기 애플은 에어팟 프로2 출시로 전년 동기 대비 600만대가 늘어난 2380만대를 출하하며 시장 점유율이 24.6%에서 30.9%로 증가했다. 반면 갤럭시 버즈2 프로를 출시한 삼성전자는 오히려 출하량이 25% 감소한 것으로 나타났다. 삼성의 3분기 출하량은 전년 동기 대비 130만대가 감소했으며 시장 점유율 역시 12%에서 9.6%로 줄었다. 업계에서는 삼성전자의 판매량이 줄어든 것이 버즈2 프로의 높은 가격과 경기 침체로 인한 마케팅 비용 축소로 보고 있다. 또 샤오미, QCY, 스컬캔디와 같은 중저가 브랜드의 기술력이 올라오면서 시장 점유율을 높여가고 있고 애플과의 경쟁이 쉽지 않은 점도 이유다. IT업계 관계자는 ""과거에는 삼성전자가 신규 휴대폰을 출시하면 일부 금액을 지원해 주거나 다양한 프로모션으로 무선 이어폰을 무료 증정을 하는 경우가 많았다""면서 ""애플은 충성고객이 많다 보니 신재품이 나오면 판매가 꾸준히 이뤄졌지만 삼성의 경우는 마케팅 지원이 줄면서 고객들이 가격 부담을 느꼈고 성능도 기존과 크게 차이가 없어 판매도 같이 줄은 것으로 보인다""고 전했다. ◆ 재고문제 해결이 관건 일각에서는 신제품 출시가 늦어지는 이유가 재고 때문이라는 지적도 나온다. 판매량이 줄어들면서 재고가 늘어난 상황에서 이를 어느 정도 소진할 때까지 신제품 출시를 미루는 것이 아니냐는 추측이다. 전문가들 역시 애플 생태계에 비해 상대적으로 약한 갤럭시가 자체 생태계를 강화하고 삼성이 인수한 하만의 JBL와의 협력 등 현재 전략을 대대적으로 수정해야만 새로운 먹거리인 무선 이어폰 시장을 공략할 수 있을 것이라는 분석이다. 전자 업계 관계자는 ""단순히 프로모션이나 마케팅으로 시장을 공략하는 시대는 지났다. 최대한 가격 인상을 자제하고 품질 및 성능을 업그레이드 해 한다""면서 ""보급형 제품은 확실한 가성비 브랜드로 가고, 프리미엄 제품은 경쟁사를 뛰어넘는 기술력으로 충성 고객층을 확보하지 않으면 무선이어폰 시장에서 살아남기는 쉽지 않을 것""이라고 전했다."
9,"<b>삼성전자</b>, <b>버즈2 프로</b> SW<b>업데이트</b>… 360도 오디오 녹음 지원",https://www.viva100.com/main/view.php?key=20230113010003956,https://www.viva100.com/main/view.php?key=20230113010003956,"<b>삼성전자</b>, <b>버즈2 프로</b> SW<b>업데이트</b>… 360도 오디오 녹음 지원 <b>삼성전자</b>가 갤럭시<b>버즈2 프로</b>와 갤럭시워치를 통해 스마트폰 카메라 기능을 한 단계 높인다.<b>삼성전자</b>는 스마트폰 동영상 촬영 시 360도 사운드 녹음이... ","Fri, 13 Jan 2023 09:32:00 +0900","삼성전자는 갤럭시버즈2 프로와 갤럭시Z 플립4·폴드4의 소프트웨어 업데이트를 통해 360 오디오 레코딩 기능을 지원한다. (사진제공=삼성전자 삼성전자가 갤럭시버즈2 프로와 갤럭시워치를 통해 스마트폰 카메라 기능을 한 단계 높인다. 삼성전자는 스마트폰 동영상 촬영 시 360도 사운드 녹음이 가능하도록 갤럭시버즈2 프로와 갤럭시Z플립4·폴드4의 소프트웨어 업데이트를 실시한다고 13일 밝혔다. 갤럭시워치5와 워치4 시리즈의 소프트웨어 업데이트를 통해 스마트폰 카메라를 원격으로 줌인·줌아웃할 수 있는 기능도 추가한다. 삼성전자는 갤럭시버즈2 프로와 갤럭시Z플립4와 폴드4의 소프트웨어 업데이트를 통해 360도 오디오 레코딩 기능을 지원한다. 갤럭시버즈2 프로 좌우에 위치한 마이크를 모두 사용해 360도 사운드를 포착한다. 예를 들어, 버즈2 프로를 착용하고, 연결된 Z플립4·폴드4로 동영상을 촬영할 경우, 촬영자는 연결된 버즈2 프로를 통해 본인이 듣는 그대로의 생생한 몰입형 사운드를 녹음할 수 있다. 전문 장비 없이도 언제 어디서든, 누구나 고품질의 실감나는 오디오를 담을 수 있다. 특히 360 오디오 레코딩은 차세대 블루투스 오디오 기술 표준인 LE 오디오를 적용했다. LE 오디오 기술은 보다 풍부하고 섬세한 사운드, 매끄러운 연결성, 향상된 배터리 수명을 제공한다. 갤럭시워치5와 워치4 시리즈엔 카메라 줌 인 줌 아웃 기능을 추가해 사용성을 높인다. 해당 기능은 2월 중 기존의 워치 카메라 컨트롤러 앱에 추가된다. 현재는 사진 촬영, 촬영한 사진 보기, 촬영 모드 전환, 타이머 설정이 가능하다. 사용자는 시계 화면을 손가락으로 늘리거나 줄이는 핀치 동작이나, 시계의 베젤을 돌려 갤럭시 스마트폰의 카메라 줌을 원격으로 제어할 수 있다. 스마트폰을 먼 거리에 세워두고 단체 사진이나 단독 셀카를 찍을 때 카메라가 있는 곳까지 돌아갈 필요 없이 손목에서 바로 손쉽게 화면 배율 조정이 가능하다. 해당 기능은 원 UI 5.1 소프트웨어 지원 스마트폰과 연동해 이용할 수 있다. 적용 모델과 세부 시점은 추후 안내된다. 삼성전자 관계자는 ""삼성전자는 갤럭시 제품간 연동을 통해 보다 향상된 카메라 경험을 제공할 것""이라며 ""다음달 1일 진행되는 갤럭시 언팩에서 새로운 갤럭시 스마트폰과 관련된 더 많은 내용들이 소개될 것""이라고 밝혔다. 전화평 기자"
10,워치로 카메라 줌인하고 <b>버즈</b>로 동영상 녹음… <b>삼성</b> SW <b>업데이트</b>,http://moneys.mt.co.kr/news/mwView.php?no=2023011312052755639,https://n.news.naver.com/mnews/article/417/0000886647?sid=105,"<b>삼성전자</b> 대대적인 소프트웨어(SW) <b>업데이트</b>를 통해 스마트폰 카메라 사용성을 대폭 높였다. <b>삼성전자</b>는 무선 이어폰 갤럭시<b>버즈2 프로</b>, 폴더블폰(접이식 휴대폰) 갤럭시Z플립4·폴드4 SW <b>업데이트</b>를 진행한다고 13일... ","Fri, 13 Jan 2023 13:29:00 +0900","삼성전자 대대적인 소프트웨어(SW) 업데이트를 통해 스마트폰 카메라 사용성을 대폭 높였다.삼성전자는 무선 이어폰 갤럭시버즈2 프로, 폴더블폰(접이식 휴대폰) 갤럭시Z플립4·폴드4 SW 업데이트를 진행한다고 13일 밝혔다.갤럭시버즈2 프로를 낀 상태에서 갤럭시Z플립4폴드4로 동영상을 찍는 경우 촬영자는 연결된 갤럭시버즈2 프로를 통해 자신이 듣고 있는 생생한 소리를 담아낼 수 있다.과거엔 사운드 녹음은 스마트폰 마이크로만 할 수 있었다. 하지만 이번 업데이트로 본인 주위의 360도 풍부한 소리를 무선 이어폰을 통해 동영상에 입힐 수 있다.차세대 블루투스 오디오 기술 표준 LE(저전력) 오디오를 적용해 전력을 적게 소모하면서 음질 수준을 크게 개선했다. LE 오디오는 저전력·고품질이 장점인 만큼 보청기 시장에서도 각광을 받고 있다.삼성전자 관계자는 ""북적이는 행사장이나 물소리가 가득한 숲 한가운데서 동영상을 촬영할 때 연결된 갤럭시버즈2 프로로 자신이 듣는 그대로의 몰입형 사운드를 녹음할 수 있다""고 말했다.삼성전자는 갤럭시워치4·5의 SW도 업데이트할 방침이다. 스마트폰 카메라를 원격으로 줌인·아웃할 수 있는 기능을 탑재한다.해당 기능은 2월 중 기존 갤럭시워치 카메라 컨트롤러 애플리케이션(앱)에 추가된다. 사용자는 시계 화면을 손가락으로 늘리거나 줄이는 핀치 동작이나 시계의 베젤(테두리)을 돌려 갤럭시 스마트폰의 카메라 줌을 원격으로 제어할 수 있다.이에 따라 스마트폰을 먼 거리에 세워두고 단체 사진이나 단독 셀카를 찍을 때 카메라가 있는 곳까지 돌아가지 않고도 손목에서 손쉽게 화면 배율을 조정할 수 있다.이 기능은 원UI 5.1 소프트웨어 지원 스마트폰과 연동해 이용할 있다. 적용 모델과 세부 시점은 추후 안내할 예정이다.삼성전자 관계자는 ""삼성전자는 갤럭시 제품 간 연동을 통해 보다 향상된 카메라 경험을 제공할 것""이라며 ""다음달 2일 진행되는 갤럭시언팩(제품 공개)에서 새로운 갤럭시 스마트폰과 관련된 더 많은 내용들이 소개될 것""이라고 말했다."
11,"&quot;<b>버즈</b>로 360도 녹음, 워치로 줌 인&quot;…<b>삼성</b>, 폰카 편의성 높인다",http://www.newsis.com/view/?id=NISX20230113_0002157588&cID=13005&pID=13100,https://n.news.naver.com/mnews/article/003/0011640958?sid=105,<b>삼성전자</b>는 갤럭시 <b>버즈2 프로</b>와 갤럭시 Z 플립4∙폴드4의 소프트웨어 <b>업데이트</b>를 통해 &apos;360 오디오 레코딩&apos; 기능을 지원한다. 해당 기능을 통해 <b>버즈2 프로</b>를 착용하고 연결된 Z 플립4∙폴드4로 북적거리는 행사장 혹은... ,"Fri, 13 Jan 2023 08:50:00 +0900","기사내용 요약 플립·폴드4, 갤버즈2 프로, 갤워치4·5 SW 업데이트 진행 버즈2 프로에 '360 오디오 레코딩' 지원 ... 전방향 사운드 포착 갤워치로는 카메라 줌 인·아웃 ... ""베젤 돌려 카메라 줌 제어"" [서울=뉴시스]= 삼성전자가 갤럭시 버즈2 프로와 갤럭시 워치를 통해 스마트폰 카메라의 사용성을 한단계 더 진화시킨다.삼성전자는 스마트폰 동영상 촬영 시 360도 사운드 녹음이 가능하도록 갤럭시 버즈2 프로와 갤럭시 Z 플립4∙폴드4의 소프트웨어 업데이트를 13일부터 시행한다고 밝혔다. 갤럭시 워치5와 워치4 시리즈의 소프트웨어 업데이트를 통해 스마트폰 카메라를 원격으로 줌 인∙줌 아웃할 수 있는 기능도 추가된다.삼성전자는 갤럭시 버즈2 프로와 갤럭시 Z 플립4∙폴드4의 소프트웨어 업데이트를 통해 '360 오디오 레코딩' 기능을 지원한다.해당 기능을 통해 버즈2 프로를 착용하고 연결된 Z 플립4∙폴드4로 북적거리는 행사장 혹은 자연의 소리가 가득한 숲 한가운데서 동영상을 촬영할 경우 촬영자는 연결된 버즈2 프로를 통해 본인이 듣는 그대로의 생생한 몰입형 사운드를 녹음할 수 있게 된다.이는 갤럭시 버즈2 프로의 좌우에 위치한 마이크를 모두 사용해 360도 사운드를 포착하기 때문이다. 전문 장비 없이도 누구나 언제 어디서든 고품질의 실감나는 오디오를 동영상에 담을 수 있다는 게 삼성전자의 설명이다.특히 360 오디오 레코딩은 차세대 블루투스 오디오 기술 표준인 'LE 오디오(Low Energy Audio)'가 적용됐다. LE 오디오 기술은 보다 풍부하고 섬세한 사운드, 매끄러운 연결성, 향상된 배터리 수명을 제공한다.스마트폰 카메라 사용성 향상을 위해 갤럭시 워치5와 워치4 시리즈에 카메라 줌 인 줌 아웃 기능도 추가된다. 해당 기능은 오는 2월 중 기존의 워치 카메라 컨트롤러 앱에 추가된다. 현재는 사진 촬영, 촬영한 사진 보기, 촬영 모드 전환, 타이머 설정이 가능하다.사용자는 시계 화면을 손가락으로 늘리거나 줄이는 핀치 동작이나, 시계의 베젤을 돌려 갤럭시 스마트폰의 카메라 줌을 원격으로 제어할 수 있게 된다.이를 통해 스마트폰을 먼 거리에 세워두고 단체 사진이나 단독 셀카를 찍을 때 카메라가 있는 곳까지 돌아갈 필요 없이 손목에서 바로 손쉽게 화면 배율 조정이 가능해진다.해당 기능은 원 UI 5.1 소프트웨어 지원 스마트폰과 연동해 이용 가능하며, 적용 모델과 세부 시점은 추후 안내될 예정이다.삼성전자 관계자는 ""삼성전자는 갤럭시 제품간 연동을 통해 보다 향상된 카메라 경험을 제공할 것""이라며 ""다음달 1일 진행되는 갤럭시 언팩에서 새로운 갤럭시 스마트폰과 관련된 더 많은 내용들이 소개될 것""이라고 말했다."
12,"갤럭시 <b>버즈2 프로</b>·워치 등 <b>업데이트</b>, <b>삼성전자</b> &apos;스마트폰 카메라 사용성 차...",https://idsn.co.kr/news/view/1065583122569869,https://idsn.co.kr/news/view/1065583122569869,"▲ <b>삼성전자</b>는 갤럭시 <b>버즈2 프로</b>와 갤럭시 Z 플립4·폴드4의 소프트웨어 <b>업데이트</b>를 통해 360 오디오 레코딩 기능을 지원한다. 이를 통해, <b>버즈2 프로</b>를 착용하고 연결된 Z 플립4·폴드4로 북적거리는 행사장이나... ","Sun, 15 Jan 2023 13:38:00 +0900","▲ 삼성전자는 갤럭시 버즈2 프로와 갤럭시 Z 플립4·폴드4의 소프트웨어 업데이트를 통해 360 오디오 레코딩 기능을 지원한다. 이를 통해, 버즈2 프로를 착용하고 연결된 Z 플립4·폴드4로 북적거리는 행사장이나 새소리와 물소리가 가득한 숲 한가운데서 동영상을 촬영할 경우, 촬영자는 연결된 버즈2 프로를 통해 본인이 듣는 그대로의 생생한 몰입형 사운드를 녹음할 수 있게 된다(사진=삼성전자) [매일안전신문=손성창 기자] 삼성전자는 스마트폰 동영상 촬영 시 360도 사운드 녹음이 가능하도록 갤럭시 버즈2 프로와 갤럭시 Z플립4·폴드4의 소프트웨어 업데이트를 지난 13일부터 시행했다. 갤럭시 버즈2 프로와 갤럭시 워치를 통해 스마트폰 카메라의 사용성을 한단계 더 진화시키는 것이다. 갤럭시 버즈2 프로와 갤럭시 Z플립4·폴드4의 소프트웨어 업데이트를 통해 360 오디오 레코딩 기능을 지원한다. 버즈2 프로를 착용하고 연결된 Z플립4·폴드4로 북적거리는 행사장이나 새소리와 물소리가 가득한 숲 한가운데서 동영상을 촬영할 경우, 촬영자는 연결된 버즈2 프로를 통해 본인이 듣는 그대로의 생생한 몰입형 사운드를 녹음할 수 있게 된다. 이는 갤럭시 버즈2 프로의 좌우에 위치한 마이크를 모두 사용해 360도 사운드를 포착하기 때문이다. 전문 장비 없이도 언제 어디서든, 누구나 고품질의 실감나는 오디오를 동영상에 담을 수 있게 된다. 특히 360 오디오 레코딩은 차세대 블루투스 오디오 기술 표준인 LE오디오(Low Energy Audio)를 적용했다. LE오디오 기술은 풍부하고 섬세한 사운드, 매끄러운 연결성, 향상된 배터리 수명을 제공한다. 삼성전자는 갤럭시 워치5와 워치4 시리즈의 소프트웨어 업데이트를 통해 스마트폰 카메라를 원격으로 줌 인(Zooming In)·줌 아웃(Zooming Out)할 수 있는 기능을 추가한다. 스마트폰 카메라 사용성 향상하는 ㄷ것이다. 해당 기능은 2월 중 기존의 워치 카메라 컨트롤러 앱에 추가된다. 현재는 사진 촬영, 촬영한 사진 보기, 촬영 모드 전환, 타이머 설정이 가능하다. 사용자는 시계 화면을 손가락으로 늘리거나 줄이는 핀치 동작이나, 시계의 베젤을 돌려 갤럭시 스마트폰의 카메라 줌을 원격으로 제어할 수 있게 된다. 이를 통해 스마트폰을 먼 거리에 세워두고 단체 사진이나 단독 셀카를 찍을 때 카메라가 있는 곳까지 돌아갈 필요없이 손목에서 바로 손쉽게 화면 배율 조정이 가능해진다. 해당 기능은 원 UI 5.1 소프트웨어 지원 스마트폰과 연동해 이용 가능하다. 적용 모델과 세부 시점은 추후 안내된다. 삼성전자 관계자는 ""삼성전자는 갤럭시 제품간 연동을 통해 보다 향상된 카메라 경험을 제공할 것이라""며, ""다음달 1일 진행되는 갤럭시 언팩에서 새로운 갤럭시 스마트폰과 관련된 더 많은 내용들이 소개 될 것이라""고 강조했다. [저작권자 매일안전신문. 무단전재-재배포 금지]"
13,"<b>삼성전자</b>, <b>버즈2 프로</b>·워치로 스마트폰 카메라 사용성 한 차원 상향",http://www.joongboo.com/news/articleView.html?idxno=363574552,http://www.joongboo.com/news/articleView.html?idxno=363574552,<b>삼성전자</b>는 갤럭시 <b>버즈2 프로</b>와 갤럭시 Z 플립4?폴드4의 소프트웨어 <b>업데이트</b>를 통해 360 오디오 레코딩 기능을 지원한다. 사진=<b>삼성전자</b> <b>삼성전자</b>가 갤럭시 <b>버즈2 프로</b>와 갤럭시 워치를 통해 스마트폰 카메라의... ,"Sun, 15 Jan 2023 15:18:00 +0900","삼성전자는 갤럭시 버즈2 프로와 갤럭시 Z 플립4폴드4의 소프트웨어 업데이트를 통해 360 오디오 레코딩 기능을 지원한다. 사진=삼성전자 삼성전자가 갤럭시 버즈2 프로와 갤럭시 워치를 통해 스마트폰 카메라의 사용성을 한단계 더 진화시킨다고 15일 밝혔다. 삼성전자는 스마트폰 동영상 촬영 시 360도 사운드 녹음이 가능하도록 갤럭시 버즈2 프로와 갤럭시 Z 플립4폴드4의 소프트웨어 업데이트를 지난 13일부터 시행했다. 또한 갤럭시 워치5와 워치4 시리즈의 소프트웨어 업데이트를 통해 스마트폰 카메라를 원격으로 줌 인(Zooming In)·줌 아웃(Zooming Out) 할 수 있는 기능을 추가한다. 사용자가 듣는 대로 세상의 소리를 담아내는 '360 오디오 레코딩'은 버즈2 프로를 착용하고 연결된 Z 플립4폴드4로 북적거리는 행사장이나 새소리와 물소리가 가득한 숲 한가운데서 동영상을 촬영할 경우, 촬영자는 연결된 버즈2 프로를 통해 본인이 듣는 그대로의 생생한 몰입형 사운드를 녹음할 수 있게 한다. 이는 갤럭시 버즈2 프로의 좌우에 위치한 마이크를 모두 사용해 360도 사운드를 포착하기 때문이다. 전문 장비 없이도 언제 어디서든, 누구나 고품질의 실감나는 오디오를 동영상에 담을 수 있게 된다. 손목에서 바로 줌 인과 줌 아웃이 가능한 카메라 컨트롤러는 오는 2월 중 기존의 워치 카메라 컨트롤러 앱에 추가된다. 현재는 사진 촬영, 촬영한 사진 보기, 촬영 모드 전환, 타이머 설정이 가능하다. 사용자는 시계 화면을 손가락으로 늘리거나 줄이는 핀치 동작이나, 시계의 베젤을 돌려 갤럭시 스마트폰의 카메라 줌을 원격으로 제어할 수 있게 된다. 이를 통해 스마트폰을 먼 거리에 세워두고 단체 사진이나 단독 셀카를 찍을 때 카메라가 있는 곳까지 돌아갈 필요없이 손목에서 바로 손쉽게 화면 배율 조정이 가능해진다. 삼성전자 관계자는 ""삼성전자는 갤럭시 제품간 연동을 통해 보다 향상된 카메라 경험을 제공할 것""이라며 ""다음달 1일 진행되는 갤럭시 언팩에서 새로운 갤럭시 스마트폰과 관련된 더 많은 내용들이 소개 될 것""이라고 말했다. 김현우기자"
14,"<b>삼성전자</b>, <b>버즈2프로</b> SW <b>업데이트</b>...&quot;360도 소리 녹음 지원&quot;",http://www.finomy.com/news/articleView.html?idxno=123731,http://www.finomy.com/news/articleView.html?idxno=123731,<b>삼성전자</b>는 갤럭시 <b>버즈2 프로</b>와 갤럭시 Z 플립4·폴드4의 소프트웨어 <b>업데이트</b>를 통해 360 오디오 레코딩 기능을 지원한다. <b>버즈2 프로</b>를 착용하고 연결된 Z 플립4·폴드4로 북적거리는 행사장이나 새소리와 물소리가... ,"Fri, 13 Jan 2023 09:46:00 +0900","▲ [신문 하지현 기자] 삼성전자는 스마트폰 동영상 촬영 시 360도 사운드 녹음이 가능하도록 갤럭시 버즈2 프로와 갤럭시 Z 플립4·폴드4의 소프트웨어 업데이트를 시행한다고 13일 밝혔다. 갤럭시 워치5와 워치4 시리즈의 소프트웨어 업데이트를 통해 스마트폰 카메라를 원격으로 줌 인(Zooming In), 줌 아웃(Zooming Out) 할 수 있는 기능을 추가한다. 삼성전자는 갤럭시 버즈2 프로와 갤럭시 Z 플립4·폴드4의 소프트웨어 업데이트를 통해 360 오디오 레코딩 기능을 지원한다. 버즈2 프로를 착용하고 연결된 Z 플립4·폴드4로 북적거리는 행사장이나 새소리와 물소리가 가득한 숲 한가운데서 동영상을 촬영할 경우, 촬영자는 연결된 버즈2 프로를 통해 본인이 듣는 그대로의 생생한 몰입형 사운드를 녹음할 수 있게 된다. 이는 갤럭시 버즈2 프로의 좌우에 위치한 마이크를 모두 사용해 360도 사운드를 포착하기 때문이다. 전문 장비 없이도 언제 어디서든, 누구나 고품질의 실감나는 오디오를 동영상에 담을 수 있게 된다. 360 오디오 레코딩은 차세대 블루투스 오디오 기술 표준인 LE 오디오(Low Energy Audio)를 적용했다. LE 오디오 기술은 보다 풍부하고 섬세한 사운드, 매끄러운 연결성, 향상된 배터리 수명을 제공한다. 삼성전자는 스마트폰 카메라 사용성 향상을 위해 갤럭시 워치5와 워치4 시리즈에 카메라 줌 인 줌 아웃 기능을 추가한다. 해당 기능은 2월 중 기존의 워치 카메라 컨트롤러 앱에 추가된다. 현재는 사진 촬영, 촬영한 사진 보기, 촬영 모드 전환, 타이머 설정이 가능하다. 사용자는 시계 화면을 손가락으로 늘리거나 줄이는 핀치 동작이나, 시계의 베젤을 돌려 갤럭시 스마트폰의 카메라 줌을 원격으로 제어할 수 있게 된다. 스마트폰을 먼 거리에 세워두고 단체 사진이나 단독 셀카를 찍을 때 카메라가 있는 곳까지 돌아갈 필요없이 손목에서 바로 손쉽게 화면 배율 조정이 가능해진다. 해당 기능은 원 UI 5.1 소프트웨어 지원 스마트폰과 연동해 이용 가능하다. 적용 모델과 세부 시점은 추후 안내된다. 삼성전자 관계자는 ""삼성전자는 갤럭시 제품간 연동을 통해 보다 향상된 카메라 경험을 제공할 것""이라며 ""다음달 1일 진행되는 갤럭시 언팩에서 새로운 갤럭시 스마트폰과 관련된 더 많은 내용들이 소개 될 것""이라고 말했다."
15,"<b>삼성전자</b>, 갤럭시<b>버즈2프로</b> SW <b>업데이트</b>…&quot;360도 소리 녹음 지원&quot;",http://www.digitaltoday.co.kr/news/articleView.html?idxno=468385,http://www.digitaltoday.co.kr/news/articleView.html?idxno=468385,<b>삼성전자</b>는 스마트폰으로 동영상 촬영 시 전방위서 들려오는 소리를 녹음할 수 있도록 갤럭시 <b>버즈2 프로</b> 및 갤럭시Z플립4·갤럭시Z폴드4의 소프트웨어 <b>업데이트</b>를 13일부터 시행한다고 밝혔다. 소프트웨어를... ,"Fri, 13 Jan 2023 10:20:00 +0900","[디지털투데이 백연식 기자] 삼성전자는 스마트폰으로 동영상 촬영 시 전방위서 들려오는 소리를 녹음할 수 있도록 갤럭시 버즈2 프로 및 갤럭시Z플립4·갤럭시Z폴드4의 소프트웨어 업데이트를 13일부터 시행한다고 밝혔다. 소프트웨어를 업데이트하면 갤럭시버즈2 프로 좌우에 있는 마이크가 모두 사용돼 360도에서 들려오는 소리를 플립4·폴드4로 녹음할 수 있다. 녹음에는 차세대 블루투스 오디오 기술 표준인 LE 오디오가 적용됐다. 이와 함께 삼성전자는 다음 달 갤럭시 워치5와 워치4 시리즈에 카메라 줌 인, 줌 아웃 기능을 추가한다고 전했다. 삼성전자 관계자는 ""갤럭시 제품 간 연동을 통해 더욱 향상된 카메라 경험을 제공할 것""이라며 ""다음 달 진행되는 갤럭시 언팩에서 새로운 갤럭시 스마트폰과 관련된 더 많은 내용을 소개할 것""이라고 말했다."
16,"&quot;360도 사운드 녹음&quot; <b>삼성전자</b>, 갤럭시 <b>버즈2 프로</b>·워치 SW <b>업데이트</b>",http://www.4th.kr/news/articleView.html?idxno=2032130,http://www.4th.kr/news/articleView.html?idxno=2032130,포쓰저널 이현민 기자 사진=<b>삼성전자</b> <b>삼성전자</b>는 스마트폰 동영상 촬영 시 360도 사운드 녹음이 가능하도록 갤럭시 <b>버즈2 프로</b>와 갤럭시 Z 플립4·폴드4의 소프트웨어 <b>업데이트</b>를 13일부터 시행한다고 밝혔다. 이를... ,"Fri, 13 Jan 2023 10:00:00 +0900","사진=삼성전자 [포쓰저널=이현민 기자] 삼성전자는 스마트폰 동영상 촬영 시 360도 사운드 녹음이 가능하도록 갤럭시 버즈2 프로와 갤럭시 Z 플립4·폴드4의 소프트웨어 업데이트를 13일부터 시행한다고 밝혔다. 이를 통해 버즈2 프로가 착용되고 연결된 Z 플립4·폴드4로 북적거리는 행사장이나 새소리와 물소리가 가득한 숲 한가운데서 동영상을 촬영할 경우 촬영자는 연결된 버즈2 프로를 통해 듣는 그대로의 몰입형 사운드를 녹음할 수 있게 된다. 삼성전자에 따르면 이는 갤럭시 버즈2 프로의 좌우에 위치한 마이크를 통해 360도 사운드를 포착하기 할 수 있기에 가능하다. 특히 360 오디오 레코딩은 차세대 블루투스 오디오 기술 표준인 LE 오디오(Low Energy Audio)가 적용됐다. LE 오디오 기술은 보다 풍부하고 섬세한 사운드, 매끄러운 연결성, 향상된 배터리 수명을 제공한다. 아울러 삼성전자는 갤럭시 워치5와 워치4 시리즈의 소프트웨어 업데이트를 통해 스마트폰 카메라를 원격으로 줌 인(Zooming In)·줌 아웃(Zooming Out) 할 수 있는 기능을 추가한다. 해당 기능은 2월 중 기존의 워치 카메라 컨트롤러 앱에 추가된다. 현재는 사진 촬영, 촬영한 사진 보기, 촬영 모드 전환, 타이머 설정이 가능하다. 사용자는 시계 화면을 손가락으로 늘리거나 줄이고 시계의 베젤을 돌려 갤럭시 스마트폰의 카메라 줌을 원격으로 제어할 수 있게 된다. 이를 통해 스마트폰을 먼 거리에 세워두고 단체 사진이나 단독 셀카를 찍을 때 카메라가 있는 곳까지 돌아갈 필요 없이 손목에서 손쉽게 화면 배율을 조정할 수 있다. 해당 기능은 원 UI 5.1 소프트웨어 지원 스마트폰과 연동해 이용할 수 있다. 적용 모델과 세부 시점은 추후 안내된다. 삼성전자 관계자는 ""삼성전자는 갤럭시 제품 간 연동을 통해 보다 향상된 카메라 경험을 제공할 것""이라며 ""다음달 1일 진행되는 갤럭시 언팩에서 새로운 갤럭시 스마트폰과 관련된 더 많은 내용들이 소개 될 것""이라고 말했다."
17,"<b>삼성</b>, &apos;갤<b>버즈2 프로</b>&apos;로 &apos;플립4·폴드4&apos; 360도 녹음 지원",https://www.news1.kr/articles/4923695,https://n.news.naver.com/mnews/article/421/0006574696?sid=105,<b>삼성전자</b>는 13일 스마트폰 동영상 촬영 시 360도 사운드 녹음이 가능하도록 <b>버즈2 프로</b>와 &apos;갤럭시Z 플립4·폴드4&apos; 소프트웨어 <b>업데이트</b>를 시행한다고 밝혔다. 이와 함께 &apos;갤럭시워치5·워치4&apos; 시리즈 소프트웨어 <b>업데이트</b>를... ,"Fri, 13 Jan 2023 09:47:00 +0900","(서울=뉴스1) = 삼성전자가 '갤럭시버즈2 프로'와 '갤럭시워치' 등 웨어러블 제품을 통한 스마트폰 카메라 사용성 개선에 나선다.삼성전자는 13일 스마트폰 동영상 촬영 시 360도 사운드 녹음이 가능하도록 버즈2 프로와 '갤럭시Z 플립4·폴드4' 소프트웨어 업데이트를 시행한다고 밝혔다.이와 함께 '갤럭시워치5·워치4' 시리즈 소프트웨어 업데이트를 통해 스마트폰 카메라를 원격으로 줌인·줌아웃할 수 있는 기능을 지원한다.360도 오디오 레코딩 기능은 버즈2 프로를 착용 후 플립4·폴드4로 동영상 촬영 시 이용할 수 있다. 버즈2 프로의 좌우 마이크를 모두 사용해 이용자가 듣는 그대로의 몰입형 사운드를 녹음할 수 있다.여기에는 차세대 블루투스 오디오 기술 표준인 LE 오디오를 적용했다. 해당 기술은 풍부한 사운드, 매끄러운 연결성, 향상된 배터리 수명을 지원한다.갤럭시워치5와 워치4를 이용한 카메라 줌인·줌아웃 기능은 2월 중 기존 워치 카메라 컨트롤러 앱에 추가된다. 현재 해당 앱은 사진 촬영, 촬영한 사진 보기, 촬영 모드 전환, 타이머 설정 등을 지원한다. 이번 기능 추가로 먼 곳에 스마트폰을 세워놓고 사진을 촬영할 때 더욱 쉽게 카메라를 조작할 수 있게 됐다.해당 기능은 원UI5.1 소프트웨어 지원 스마트폰과 연동해 이용할 수 있다.삼성전자 관계자는 ""갤럭시 제품간 연동을 통해 보다 향상된 카메라 경험을 제공할 것""이라며 ""다음 달 1일 진행되는 갤럭시 언팩에서 새로운 갤럭시 스마트폰과 관련된 더 많은 내용들이 소개될 것""이라고 밝혔다."
18,"워치로 폰카 줌·<b>버즈</b>로 360도 녹음…<b>삼성전자</b>, <b>업데이트</b> 진행",https://www.seoul.co.kr/news/newsView.php?id=20230113500037&wlog_tag3=naver,https://n.news.naver.com/mnews/article/081/0003332152?sid=101,<b>삼성전자</b>가 갤럭시 워치 4·5와 갤럭시 <b>버즈2 프로</b>를 대상으로 소프트웨어 <b>업데이트</b>를 진행한다고 13일 밝혔다. <b>삼성전자</b>는 스마트폰 카메라 사용성 향상을 위해 갤럭시 워치5와 워치4 시리즈에 카메라 ‘줌 인 줌 아웃’... ,"Fri, 13 Jan 2023 10:29:00 +0900","삼성전자가 갤럭시 워치 4·5와 갤럭시 버즈2 프로를 대상으로 소프트웨어 업데이트를 진행한다고 13일 밝혔다.삼성전자는 스마트폰 카메라 사용성 향상을 위해 갤럭시 워치5와 워치4 시리즈에 카메라 '줌 인 줌 아웃' 기능을 추가한다. 해당 기능은 2월 중 기존의 워치 카메라 컨트롤러 앱에 추가된다. 현재는 사진 촬영, 촬영한 사진 보기, 촬영 모드 전환, 타이머 설정이 가능하다.사용자는 시계 화면을 손가락으로 늘리거나 줄이는 핀치 동작이나, 시계의 베젤을 돌려 갤럭시 스마트폰의 카메라 줌을 원격으로 제어할 수 있게 된다. 이를 통해 스마트폰을 먼 거리에 세워두고 단체 사진이나 단독 셀카를 찍을 때 카메라가 있는 곳까지 돌아갈 필요 없이 손목에서 바로 손쉽게 화면 배율 조정이 가능해진다.해당 기능은 원 UI 5.1 소프트웨어 지원 스마트폰과 연동해 이용할 수 있다. 적용 모델과 세부 시점은 추후 안내된다.갤럭시 버즈2 프로는 갤럭시 Z 플립4∙폴드4와의 소프트웨어 업데이트를 통해 360 오디오 레코딩 기능을 지원한다. 버즈2 프로를 착용하고 연결된 Z 플립4∙폴드4로 북적거리는 행사장이나 새소리와 물소리가 가득한 숲 한가운데서 동영상을 촬영할 경우, 촬영자는 연결된 버즈2 프로를 통해 본인이 듣는 그대로의 생생한 몰입형 사운드를 녹음할 수 있게 된다.이는 갤럭시 버즈2 프로의 좌우에 탑재된 마이크를 모두 사용해 360도 사운드를 포착하기 때문이다. 전문 장비 없이도 언제 어디서든, 누구나 고품질의 실감 나는 오디오를 동영상에 담을 수 있게 된다는 게 삼성전자 측 설명이다.360 오디오 레코딩은 차세대 블루투스 오디오 기술 표준인 LE 오디오(Low Energy Audio)를 적용했다. LE 오디오 기술은 보다 풍부하고 섬세한 사운드, 매끄러운 연결성, 향상된 배터리 수명을 제공한다.삼성전자 관계자는 ""삼성전자는 갤럭시 제품 간 연동을 통해 보다 향상된 카메라 경험을 제공할 것""이라며 ""다음달 1일 진행되는 갤럭시 언팩에서 새로운 갤럭시 스마트폰과 관련된 더 많은 내용들이 소개 될 것""이라고 말했다."
19,"녹음되는 갤<b>버즈</b> vs 보급형 에어팟…<b>삼성</b>-애플, &apos;무선이어폰 대전&apos;",https://www.asiatime.co.kr/article/20230116500254,https://www.asiatime.co.kr/article/20230116500254,따르면 <b>삼성전자</b>는 스마트폰 동영상 촬영 시 360도 사운드 녹음이 가능하도록 <b>버즈2 프로</b>와 갤럭시Z플립4·폴드4 소프트웨어 <b>업데이트</b>를 지난 13일부터 시행했다. <b>버즈2 프로</b>를 착용하고 연결된 플립4·폴드4로... ,"Mon, 16 Jan 2023 15:38:00 +0900","한계 다다른 자영업자 ... 무너지는 돌아온 일상생활에 자영업자 증가전환 꺼져가는 경기회복세 ... 자영업 '운명의 해' 도미노 부실 우려 ... 세밀한 정책지원 필요 [즈=유승열 기자] 작년 자영업자 수 비중이 취업자 내 20%에 그치며 최저 수준을 보였다. 고용원 없는 자영업자는 427만명으로 글로벌 금융위기 이후 14년 만의 최대치를 기록했다. 하지만 늘어난 자영업자들이 올해에도 사업을 이어갈 수 있을지는 미지수다. 올해 경기가 어려움을 겪으로 것으로 보이면서 사업에 어려움을 겪을 자영업자들이 많아질 것으로 우려되는 탓이다. 특히 당초 전망보다 경제가 침체된다면 자영업자들의 줄도산은 금융리스크로 번질 가능성이 크다. 16일 통계청에 따르면 지난해 말 자영업자는 563만2000명으로 전체 취업자(2808만9000명)의 20.1%에 그쳤다. 관련 통계가 작성된 1963년 이후 최저 수준이다. 그동안 자영업자 수는 지속 감소세를 기록했다. 2020년 553만1000명에서 2021년 551만3000명으로 1만8000명 줄었다. 이중 고용원이 있는 자영업자는 136만5000명으로 5만8000명 늘어났다. 2019년 153만8000명에서 2020년 137만2000명, 2021년 130만7000명으로 감소한 뒤 반등했으나, 여전히 코로나 이전 수준을 회복하진 못했다. 지난해 고용원이 없는 자영업자는 계속 늘어 426만7000명으로 6만1000명 증가하며 글로벌 금융위기 당시인 2008년(446만8000명) 이후 14년 만에 가장 많았다. 지난해 전체 자영업자 중 고용원이 없는 자영업자 비중은 75.8%로 전년 대비 소폭 줄었지만 2021년에는 이 비중이 76.3%로 IMF 외환위기 직후인 1999년(76.3%) 이후 22년 만에 최고였다. 무급가족종사자는 95만5000명으로 5만2000명 감소하며 처음으로 100만명 선이 무너졌다. 무급가족종사자는 임금을 받지 않고 자영업자의 사업체 등에서 일하는 가족·친척을 말한다. 이에 따라 자영업자에 무급가족종사자를 합한 비임금근로자는 658만8000명으로 6만8000명 늘어났다. 그러나 전체 취업자 내 비중은 23.5%로 사상 최저치를 기록하며 IMF 외환위기 직후인 1998년(38.3%) 이후 지난해까지 24년 연속 줄었다. 하지만 비임금근로자 비중이 작아졌지만 2021년 기준 23.9%로 경제협력개발기구(OECD) 38개 회원국 중에서는 8위로 순위가 높다. 미국(6.6%)의 3.6배, 일본(9.8%)의 2.4배이고 최하위인 노르웨이(4.7%)와 비교하면 5.1배다. 지난해 자영업자가 늘어난 이유는 신종 코로나바이러스 감염증(코로나19) 사태 진정에 따른 '보복소비'와 사회적 거리두기 해제로 인한 대면소비의 증가 때문으로 풀이된다. 산업별 취업자 수를 보면 보건업 및 사회복지서비스업이 271만4000명으로 18만명(7.1%) 늘었으며 숙박 및 음식점업도 218만2000명(4%) 증가했다. 이중 숙박 및 음식점업 증감폭은 2020년 15만9000명, 2021년 4만7000명 줄어들었으나 다시 늘어난 것이다. 2021년 2만9000명 감소했던 예술·스포츠 및 여가관련서비스업도 지난해 48만2000명으로 1만5000명 증가했다. 문제는 늘어난 자영업자들이 올해 문제없이 넘길 수 있는지 여부다. 작년엔 수요가 증가하며 늘어난 자영업자들을 소화할 수 있었지만, 올해 이같은 여건이 이어질지에 대해서는 부정적이기 때문이다. 대표적인 대면서비스업인 숙박·음식점업 생산은 전월대비 4.0% 감소했다. 9월 2.2% 늘어나는 등 증가세를 보였으나 10월 0.8% 줄어든데 이어 2개월 연속 감소세를 기록했다. 이미 숙박업은 증감률은 9월 -1.5%, 10월 -1.3%, 11월 -7.5%로 감소폭이 커지고 있다. 음식점 및 주점업 생산도 9월 2.8% 증가했으나, 10월 -0.7%, 11월 -3.5%로 감소폭이 확대됐다. 소비도 위축되는 모습이다. 작년 3분기 1.2% 증가했던 소매판매는 9월 -2.0%, 10월 -0.2%, 11월 -1.8%로 다시 위축됐다. 고물가 기조로 소비자들이 지갑을 닫기 시작한 것이다. 소비자물가는 가공식품 가격 상승폭 확대, 전기·가스 요금 인상 영향 등으로 12월에도 5.0%의 높은 오름세를 지속했다. 상승률이 지난 7월(6.3%)을 정점으로 떨어지고 있지만, 8개월째 5%대 이상을 유지했다. 그 결과 작년 소비자물가가 5.1% 오르며 1998년 국제통화기금(IMF) 외환위기 이후 24년 만에 최대 상승폭을 기록했다. 소비위축은 올해에도 이어질 전망이다. 정부는 민간소비가 작년 4.5%에서 올해 2.5%로 감소할 것으로 전망했다. 한은도 서비스소비 증가세가 둔화되고 재화소비가 부진해 민간소비는 작년 4.7%에서 올해 2.7%로 낮아질 것으로 봤다. 무엇보다 올해 경제성장률이 예상보다 더 떨어질 수 있다는 점은 불확실성을 키우고 있다. 이창용 한은 총재는 지난 13일 금융통화위원회 이후 가진 기자간담회에서 ""그간 중국 코비드 상황 확대, 반도체 경기 하락, 이태원 사태 등 이유로 4분기에는 마이너스(-) 성장이 나타날 가능성이 굉장히 커졌다. 올해 1분기 재정의 조기 집행, 미국과 유럽의 기존 성장전망 상향조정 등으로 1분기에 나아질 것으로 기대하지만, 수출 부진이나 국제 경제 둔화 등을 고려할 때 올해 상반기는 어려운 시기가 될 것""이라며 ""앞으로 는 성장세 둔화가 이어지면서 금년 성장률이 지난 11월 전망치 1.7%를 하회할 것""이라고 전망했다. 대부분 자영업자들이 대출을 낀 채무자라는 점을 감안하면 도미노 채권부실이 우려되는 대목이다. 정부는 코로나19 위기극복을 위해 소상공인·자영업자들에 대한 금융지원을 적극 해왔다. 그 결과 작년 9월말 자영업자대출 규모는 1014조2000억원으로 연 14.3%의 높은 증가세를 지속했다. 한은은 경기, 금리 및 정책효과 등에 따라 최악의 경우 2023년 말 자영업자의 부실위험규모는 약 40조원까지 확대될 것으로 추산했다. 유환익 인연합회 산업본부장은 ""자영업자의 어려움이 장기화되면 결국 전체가 휘청일 수 있다""며 ""최소 올해까지는 전쟁 등으로 인해 경제위기 여파가 이어질 것으로 전망되는 만큼 힘든 고비를 넘길 수 있도록 자영업자들에 대한 세밀한 정책적 지원이 당분간 지속돼야 한다""고 말했다."
20,<b>버즈</b>로 360도 녹음 ‘<b>삼성</b> 폰카’의 진화,http://news.heraldcorp.com/view.php?ud=20230113000324,https://n.news.naver.com/mnews/article/016/0002090512?sid=105,<b>삼성전자</b>가 웨어러블 기기와 스마트폰을 연결해 사용자의 카메라 사용성을 대폭 향상시킨다. <b>삼성전자</b>는... 이번 소프트웨어 <b>업데이트</b>를 통해 갤럭시Z플립4·폴드4 사용자는 동영상 촬영 시 갤럭시 <b>버즈2 프로</b>로 360도... ,"Fri, 13 Jan 2023 11:17:00 +0900","삼성전자가 웨어러블 기기와 스마트폰을 연결해 사용자의 카메라 사용성을 대폭 향상시킨다.삼성전자는 웨어러블 기기를 활용해 스마트폰 촬영 편의성을 더하는 내용을 골자로 한 갤럭시Z플립4·폴드4 소프트웨어를 13일 시행한다고 밝혔다.이번 소프트웨어 업데이트를 통해 갤럭시Z플립4·폴드4 사용자는 동영상 촬영 시 갤럭시 버즈2 프로로 360도 사운드 녹음을 하는 것이 가능해졌다. 또 갤럭시 워치 5와 워치4 시리즈를 착용할 시에는 스마트폰 카메라를 원격으로 줌 인(Zooming In)·줌 아웃(Zooming Out) 할 수도 있게 됐다.예컨대 촬영자는 갤럭시 버즈2 프로를 착용하고 연결된 Z 플립4·폴드4로 북적거리는 행사장이나 새소리와 물소리가 가득한 숲 한가운데서 동영상을 촬영할 경우, 연결된 버즈2 프로를 통해 본인이 듣는 그대로의 생생한 몰입형 사운드를 녹음할 수 있게 됐다. 갤럭시 버즈2 프로 좌우에 위치한 마이크를 모두 사용해 360도 사운드를 포착하기 때문이다. 갤럭시 버즈2 프로만 있으면 별도의 전문 장비 없이도 누구나 언제 어디서 고품질의 실감 나는 오디오를 동영상에 담을 수 있게 된 셈이다.특히 360 오디오 레코딩은 차세대 블루투스 오디오 기술 표준인 LE 오디오(Low Energy Audio)를 적용했다. LE 오디오 기술은 보다 풍부하고 섬세한 사운드, 매끄러운 연결성, 향상된 배터리 수명을 제공하는 것이 특징이다.아울러 갤럭시 워치5와 워치4 시리즈에 새롭게 적용되는 카메라 줌 인 줌 아웃 기능은 2월 중 기존 워치 카메라 컨트롤러 애플리케이션에서 만날 수 있다. 현재는 사진 촬영, 촬영한 사진 보기, 촬영 모드 전환, 타이머 설정이 가능하다.사용자는 소프트웨어 업데이트 시 시계 화면을 손가락으로 늘리거나 줄이는 핀치 동작이나, 시계의 베젤을 돌리는 동작만으로 갤럭시 스마트폰의 카메라 줌을 원격으로 제어할 수 있게 됐다. 이를 통해 스마트폰을 먼 거리에 세워두고 단체 사진이나 단독 셀카를 찍을 때 카메라가 있는 곳까지 돌아갈 필요 없이 손목에서 바로 손쉽게 화면 배율 조정이 가능하다.해당 기능은 원 UI(사용자환경) 5.1 소프트웨어 지원 스마트폰과 연동해 이용할 수 있다. 적용 모델과 세부 시점은 추후 안내된다.삼성전자 관계자는 ""갤럭시 제품간 연동을 통해 보다 향상된 카메라 경험을 제공하겠다""며 ""다음달 1일 진행되는 갤럭시 언팩에서 새로운 갤럭시 스마트폰과 관련된 더 많은 내용들이 소개될 것""이라고 했다.박혜림 기자"
21,"<b>삼성전자</b>, <b>버즈2 프로</b> SW <b>업데이트</b>... &quot;폰카로 360도 사운드 담는다&quot;",http://www.meconomynews.com/news/articleView.html?idxno=74151,http://www.meconomynews.com/news/articleView.html?idxno=74151,"원격 줌 인, 아웃 가능해져 [시장경제=최유진 기자] 사진=<b>삼성전자</b> <b>삼성전자</b>가 스마트폰 카메라 사용성 향상을 위해 갤럭시 <b>버즈2 프로</b>, 워치 소프트웨어를 <b>업데이트</b> 했다. 13일 <b>삼성전자</b>는 갤럭시 <b>버즈2 프로</b>와 갤럭시... ","Fri, 13 Jan 2023 14:38:00 +0900","갤럭시 버즈2, 폴드4, 플립4 업데이트 버즈2 프로 이용해 360도 사운드 녹음 워치 활용... 원격 줌 인, 아웃 가능해져 사진=삼성전자 삼성전자가 스마트폰 카메라 사용성 향상을 위해 갤럭시 버즈2 프로, 워치 소프트웨어를 업데이트 했다. 13일 삼성전자는 갤럭시 버즈2 프로와 갤럭시 Z 플립4·폴드4 소프트웨어 업데이트를 시행한다고 밝혔다. 업데이트 후 스마트폰 동영상 촬영시 360도 사운드 녹음이 가능해진다. 카메라 줌 인·아웃을 워치에서 편하게 조절할 수 있도록 갤럭시 워치5·워치4 시리즈 소프트웨어 업데이트도 함께 진행한다. 버즈2 프로를 착용하고 연결된 Z 플립4·폴드4로 북적거리는 행사장이나 새소리와 물소리가 가득한 숲 한가운데서 동영상을 촬영할 경우, 촬영자는 연결된 버즈2 프로를 통해 들리는 그대로 생생한 소리를 녹음할 수 있게 된다. 갤럭시 버즈2 프로 좌우에 위치한 마이크가 360도 사운드를 포착해, 전문 장비 없이도 고품질 오디오 담을 수 있다. 360 오디오 레코딩은 차세대 블루투스 오디오 기술 표준인 LE 오디오(Low Energy Audio)을 적용했다. LE 오디오 기술은 보다 풍부하고 섬세한 사운드, 매끄러운 연결성, 향상된 배터리 수명을 제공한다. 뿐만 아니라 스마트폰 카메라 사용성 향상을 위해 갤럭시 워치5와 워치4 시리즈에 카메라 줌 인·아웃 기능도 추가했다. 해당 기능은 2월 중 기존 워치 카메라 컨트롤러 앱에 추가된다. 현재는 사진 촬영, 촬영한 사진 보기, 촬영 모드 전환, 타이머 설정만 가능하다. 사용자는 시계 화면을 손가락으로 늘리거나 줄이는 핀치 동작이나, 시계의 베젤을 돌리는 등 모션으로 연결된 갤럭시 스마트폰 카메라를 원격으로 제어할 수 있게 된다. 이를 통해 스마트폰을 먼 거리에 세워두고 단체 사진이나 단독 셀카를 찍을 때 워치로 손쉽게 화면 배율 조정이 가능해진다. 원 UI 5.1 소프트웨어를 지원하는 스마트폰과 연동시 이용 가능한 기능이다. 적용 모델과 세부 시점은 추후 안내된다. 삼성전자 관계자는 ""삼성전자는 갤럭시 제품 간 연동을 통해 보다 향상된 카메라 경험을 제공할 것""이라며 ""다음달 1일 진행되는 갤럭시 언팩에서 새로운 갤럭시 스마트폰과 관련된 내용들이 추가 소개될 것""이라고 말했다. 저작권자 무단전재 및 재배포 금지"
22,"<b>삼성전자</b>, 갤럭시 <b>버즈2 프로</b>·워치에 소프트웨어 <b>업데이트</b>",http://www.wolyo.co.kr/news/articleView.html?idxno=218753,http://www.wolyo.co.kr/news/articleView.html?idxno=218753,"소프트웨어 <b>업데이트</b>를 시행한다고 13일 밝혔다. <b>삼성전자</b>는 갤럭시 <b>버즈2 프로</b>, 갤럭시 Z 플립4, 갤럭시 Z 폴드4의 소프트웨어 <b>업데이트</b>를 통해 360 오디오 레코딩 기능을 지원한다. 360 오디오 레코딩은 차세대... ","Fri, 13 Jan 2023 11:12:00 +0900","사진=삼성전자 ［월요신문=곽민구 기자］삼성전자는 스마트폰 동영상 촬영 시 360도 사운드 녹음이 가능하도록 갤럭시 버즈2 프로와 갤럭시 Z 플립·폴드4의 소프트웨어 업데이트를 시행한다고 13일 밝혔다. 삼성전자는 갤럭시 버즈2 프로, 갤럭시 Z 플립4, 갤럭시 Z 폴드4의 소프트웨어 업데이트를 통해 360 오디오 레코딩 기능을 지원한다. 360 오디오 레코딩은 차세대 블루투스 오디오 기술 표준인 LE 오디오(Low Energy Audio)를 적용했다. LE 오디오 기술은 기존보다 향상된 사운드와 연결성, 배터리 수명을 제공한다. 이를 통해 촬영자는 본인이 듣는 그대로의 생생한 몰입형 사운드를 녹음할 수 있게 된다. 삼성전자는 이번 업데이트를 통해 갤럭시 워치4·5 시리즈에 스마트폰 카메라를 원격으로 줌 인(Zooming In), 줌 아웃(Zooming Out) 할 수 있는 기능도 추가한다. 해당 기능은 다음 달 기존 워치 카메라 컨트롤러 앱에 추가된다. 현재는 사진 촬영, 촬영한 사진 보기, 촬영 모드 전환, 타이머 설정이 가능하다. 사용자는 시계 화면을 손가락으로 늘리거나 줄이는 핀치 동작이나, 시계의 베젤을 돌려 갤럭시 스마트폰의 카메라 줌을 원격으로 제어할 수 있게 된다. 이 기능은 원 UI 5.1 소프트웨어 지원 스마트폰과 연동해 이용 가능하다. 적용 모델과 세부 시점은 추후 안내된다. 삼성전자 관계자는 ""갤럭시 제품 간 연동을 통해 보다 향상된 카메라 경험을 제공할 것""이라며 ""다음 달 1일 진행되는 갤럭시 언팩에서 새로운 갤럭시 스마트폰과 관련된 더 많은 내용들이 소개될 것""이라고 말했다."
23,"<b>삼성전자</b>, <b>버즈2 프로</b> SW<b>업데이트</b>...360 오디오 레코딩 기능 지원",http://www.lkp.news/news/articleView.html?idxno=27789,http://www.lkp.news/news/articleView.html?idxno=27789,"소프트웨어 <b>업데이트</b>를 13일부터 시행한다고 알렸다. <b>삼성전자</b>는 갤럭시 <b>버즈2 프로</b>와 갤럭시 Z 플립4∙폴드4의 소프트웨어 <b>업데이트</b>를 통해 360 오디오 레코딩 기능을 지원한다. 이를 통해, <b>버즈2 프로</b>를 착용하고... ","Fri, 13 Jan 2023 09:30:00 +0900","갤럭시 버즈2 프로와 갤럭시 Z 플립4·폴드4의 소프트웨어 업데이트를 통한 '360 오디오 레코닝' 기능을 사용하고 있는 모습. /사진출처=삼성전자 삼성전자는 스마트폰 동영상 촬영 시 360도 사운드 녹음이 가능하도록 갤럭시 버즈2 프로와 갤럭시 Z 플립4∙폴드4의 소프트웨어 업데이트를 13일부터 시행한다고 알렸다. 삼성전자는 갤럭시 버즈2 프로와 갤럭시 Z 플립4∙폴드4의 소프트웨어 업데이트를 통해 360 오디오 레코딩 기능을 지원한다. 이를 통해, 버즈2 프로를 착용하고 연결된 Z 플립4∙폴드4로 북적거리는 행사장이나 새소리와 물소리가 가득한 숲 한가운데서 동영상을 촬영할 경우, 촬영자는 연결된 버즈2 프로를 통해 본인이 듣는 그대로의 생생한 몰입형 사운드를 녹음할 수 있게 된다. 이는 갤럭시 버즈2 프로의 좌우에 위치한 마이크를 모두 사용해 360도 사운드를 포착하기 때문이다. 전문 장비 없이도 언제 어디서든, 누구나 고품질의 실감나는 오디오를 동영상에 담을 수 있게 된다. 특히, 360 오디오 레코딩은 차세대 블루투스 오디오 기술 표준인 LE 오디오를 적용했다. LE 오디오 기술은 보다 풍부하고 섬세한 사운드, 매끄러운 연결성, 향상된 배터리 수명을 제공한다. 이날 삼성전자는 스마트폰 카메라 사용성 향상을 위해 갤럭시 워치5와 워치4 시리즈에 카메라 줌 인 줌 아웃 기능도 추가한다고 밝혔다. 이 기능은 다음 달 중 기존의 워치 카메라 컨트롤러 앱에 추가된다. 현재는 사진 촬영, 촬영한 사진 보기, 촬영 모드 전환, 타이머 설정이 가능하다. 이를 통해 스마트폰을 먼 거리에 세워두고 단체 사진이나 단독 셀카를 찍을 때 카메라가 있는 곳까지 돌아갈 필요없이 손목에서 바로 손쉽게 화면 배율 조정을 할 수 있게 된다. 이 기능은 원 UI 5.1 소프트웨어 지원 스마트폰과 연동해 이용 가능하다. 적용 모델과 세부 시점은 추후 안내될 예정이다. 삼성전자 관계자는 ""삼성전자는 갤럭시 제품간 연동을 통해 보다 향상된 카메라 경험을 제공할 것""이라며 ""다음 달 1일 진행되는 갤럭시 언팩에서 새로운 갤럭시 스마트폰과 관련된 더 많은 내용들을 소개할 것""이라고 전했다."
24,"<b>삼성전자</b>, <b>버즈2프로</b>·갤워치로 스마트폰 카메라 사용성 높인다",https://www.nocutnews.co.kr/news/5879255,https://n.news.naver.com/mnews/article/079/0003727128?sid=101,<b>삼성전자</b>는 갤럭시 <b>버즈2 프로</b>와 갤럭시 Z플립4·폴드4의 소프트웨어 <b>업데이트</b>를 통해 360 오디오 레코딩 기능을 지원한다. <b>버즈2 프로</b>를 착용하고 연결된 Z플립4·폴드4로 북적거리는 행사장이나 새소리와 물소리가... ,"Fri, 13 Jan 2023 09:56:00 +0900","핵심요약 버즈2 프로와 Z플립4·폴드4 연계해 360 오디오 레코딩 지원 차세대 블루투스 'LE 오디오' 기술, 갤럭시 기기 첫 적용 워치5와 워치4는 스마트폰 카메라의 줌 인·줌 아웃 기능 탑재 ※CBS는 여러분의 제보로 함께 세상을 바꿉니다. 각종 비리와 부당대우, 사건사고와 미담 등 모든 얘깃거리를 알려주세요. 이메일 : 카카오톡 : 사이트 : 삼성전자가 갤럭시 버즈2 프로와 갤럭시 워치를 통해 스마트폰 카메라의 사용성을 한단계 더 진화시킨다.삼성전자는 스마트폰 동영상 촬영 시 360도 사운드 녹음이 가능하도록 갤럭시 버즈2 프로와 갤럭시 Z플립4·폴드4의 소프트웨어 업데이트를 13일부터 시행한다고 밝혔다.또한 갤럭시 워치5와 워치4 시리즈의 소프트웨어 업데이트를 통해 스마트폰 카메라를 원격으로 줌 인(Zooming In)·줌 아웃(Zooming Out) 할 수 있는 기능을 추가한다.삼성전자는 갤럭시 버즈2 프로와 갤럭시 Z플립4·폴드4의 소프트웨어 업데이트를 통해 360 오디오 레코딩 기능을 지원한다.버즈2 프로를 착용하고 연결된 Z플립4·폴드4로 북적거리는 행사장이나 새소리와 물소리가 가득한 숲 한가운데서 동영상을 촬영할 경우, 촬영자는 연결된 버즈2 프로를 통해 본인이 듣는 그대로의 생생한 몰입형 사운드를 녹음할 수 있게 된다.이는 갤럭시 버즈2 프로의 좌우에 위치한 마이크를 모두 사용해 360도 사운드를 포착하기 때문이다. 전문 장비 없이도 언제 어디서든, 누구나 고품질의 실감나는 오디오를 동영상에 담을 수 있게 된다.특히 360 오디오 레코딩은 차세대 블루투스 오디오 기술 표준인 LE 오디오(Low Energy Audio)를 적용했다. LE 오디오 기술은 보다 풍부하고 섬세한 사운드, 매끄러운 연결성, 향상된 배터리 수명을 제공한다.삼성전자는 스마트폰 카메라 사용성 향상을 위해 갤럭시 워치5와 워치4 시리즈에 카메라 줌 인 줌 아웃 기능을 추가한다.해당 기능은 내달 중 기존의 워치 카메라 컨트롤러 앱에 추가된다. 현재는 사진 촬영, 촬영한 사진 보기, 촬영 모드 전환, 타이머 설정이 가능하다.사용자는 시계 화면을 손가락으로 늘리거나 줄이는 핀치 동작이나, 시계의 베젤을 돌려 갤럭시 스마트폰의 카메라 줌을 원격으로 제어할 수 있게 된다.이를 통해 스마트폰을 먼 거리에 세워두고 단체 사진이나 단독 셀카를 찍을 때 카메라가 있는 곳까지 돌아갈 필요없이 손목에서 바로 손쉽게 화면 배율 조정이 가능해진다.해당 기능은 원 UI 5.1 소프트웨어 지원 스마트폰과 연동해 이용 가능하다. 적용 모델과 세부 시점은 추후 안내된다.삼성전자 관계자는 ""삼성전자는 갤럭시 제품간 연동을 통해 보다 향상된 카메라 경험을 제공할 것""이라며 ""다음달 1일 진행되는 갤럭시 언팩에서 새로운 갤럭시 스마트폰과 관련된 더 많은 내용들이 소개 될 것""이라고 말했다."
25,"더욱 편리해진 ‘갤럭시’ 카메라… <b>삼성전자</b>, ‘<b>버즈2프로</b>’ SW <b>업데이트</b>",http://www.osen.co.kr/article/G1112024695,https://n.news.naver.com/mnews/article/109/0004773236?sid=105, <b>삼성전자</b>가 ‘갤럭시 <b>버즈2 프로</b>’ ‘갤럭시 워치’의 소프트웨어 <b>업데이트</b>를 통해 스마트폰 카메라의 사용성을 한단계 더 진화시킨다. 13일 <b>삼성전자</b>는 스마트폰 동영상 촬영 시 360도 사운드 녹음이 가능하도록... ,"Fri, 13 Jan 2023 10:13:00 +0900","[OSEN=임재형 기자] 삼성전자가 '갤럭시 버즈2 프로' '갤럭시 워치'의 소프트웨어 업데이트를 통해 스마트폰 카메라의 사용성을 한단계 더 진화시킨다.13일 삼성전자는 스마트폰 동영상 촬영 시 360도 사운드 녹음이 가능하도록 '갤럭시 버즈2 프로' '갤럭시 Z 플립4-폴드4'의 소프트웨어 업데이트를 시행했다. 또한 '갤럭시 워치5-워치4' 시리즈의 소프트웨어 업데이트로 스마트폰 카메라를 원격 줌-인 아웃할 수 있는 기능을 추가할 계획이다.무선 이어폰 '갤럭시 버즈2 프로'와 대표 플래그십 기기 '갤럭시 Z 플립4-폴드4'의 소프트웨어 업데이트로 추가된 가능은 '360 오디오 레코딩'이다. 사용자는 먼저 '버즈2 프로'를 착용한 뒤, 연결된 'Z 플립4-폴드4'로 현장 가운데에서 동영상을 촬영할 경우 '버즈2 프로'를 통해 듣는 사운드를 함께 녹음할 수 있게 된다.이는 '버즈2 프로'의 좌-우 마이크를 모두 사용해 360도 사운드를 포착하기 때문에 가능하다. 삼성전자 측은 ""사용자는 전문 장비 없이도 언제 어디서든 고품질의 실감나는 오디오를 동영상에 담을 수 있게 된다. 특히 '360 오디오 레코딩'은 차세대 블루투스 오디오 기술 표준인 LE 오디오를 적용했다""고 밝혔다. LE 오디오 기술은 보다 풍부하고 섬세한 사운드, 매끄러운 연결성, 향상된 배터리 수명을 제공한다.한층 향상된 동영상 촬영 기능에 더해 삼성전자는 웨어러블 기기 '갤럭시 워치5-워치4'의 스마트폰 연동 기능을 추가했다. 오는 2월 기존의 워치에 탑재된 '카메라 컨트롤러' 앱에 더해질 기능은 '카메라 줌인-아웃'이다. 지금은 사진 촬영, 촬영한 사진 보기, 촬영 모드 전환, 타이머 설정만 가능하다.사용자는 시계 화면을 손가락으로 늘리거나 줄이는 핀치 동작이나, 시계의 베젤을 돌려 갤럭시 스마트폰의 카메라 줌을 원격으로 제어할 수 있게 된다. 이를 통해 스마트폰을 먼 거리에 세워두고 단체 사진이나 단독 셀카를 찍을 때 카메라가 있는 곳까지 돌아갈 필요없이 손목에서 바로 손쉽게 화면 배율 조정이 가능해진다.이번 '카메라 줌인-아웃' 기능은 원 UI 5.1 소프트웨어 지원 스마트폰과 연동해 이용 가능하다. 적용 모델과 세부 시점은 추후 안내된다.삼성전자 관계자는 ""삼성전자는 갤럭시 제품간 연동을 통해 보다 향상된 카메라 경험을 제공할 것이다""며 ""오는 2월 1일 진행되는 갤럭시 언팩에서 새로운 갤럭시 스마트폰과 관련된 더 많은 내용들을 소개하겠다""고 말했다."
26,"<b>삼성전자</b>, <b>버즈2프로</b> SW <b>업데이트</b> ... 360도 사운드 녹음 지원",http://www.newslock.co.kr/news/articleView.html?idxno=71039,http://www.newslock.co.kr/news/articleView.html?idxno=71039,<b>삼성전자</b>는 갤럭시 <b>버즈2 프로</b>와 갤럭시 Z 플립4∙폴드4의 소프트웨어 <b>업데이트</b>를 통해 360 오디오 레코딩 기능을 지원한다. 녹음은 차세대 블루투스 오디오 기술 표준인 LE 오디오를 적용했다. 또한 <b>삼성전자</b>는 스마트폰... ,"Fri, 13 Jan 2023 14:22:00 +0900","갤럭시 버즈2 프로 360 오디오 레코딩. 사진=삼성전자 제공 [뉴스락] [뉴스락] 삼성전자는 스마트폰 동영상 촬영 시 360도 사운드 녹음이 가능하도록 갤럭시 버즈2 프로와 갤럭시 Z 플립4∙폴드4의 소프트웨어 업데이트를 13일부터 시행한다. 또한 갤럭시 워치5와 워치4 시리즈의 소프트웨어 업데이트를 통해 스마트폰 카메라를 원격으로 줌 인∙줌 아웃 할 수 있는 기능을 추가한다. 삼성전자는 갤럭시 버즈2 프로와 갤럭시 Z 플립4∙폴드4의 소프트웨어 업데이트를 통해 360 오디오 레코딩 기능을 지원한다. 녹음은 차세대 블루투스 오디오 기술 표준인 LE 오디오를 적용했다. 또한 삼성전자는 스마트폰 카메라 사용성 향상을 위해 갤럭시 워치5와 워치4 시리즈에 카메라 줌 인 줌 아웃 기능을 추가한다. 해당 기능은 2월 중 기존의 워치 카메라 컨트롤러 앱에 추가된다. 현재는 사진 촬영, 촬영한 사진 보기, 촬영 모드 전환, 타이머 설정이 가능하다. 삼성전자 관계자는 ""삼성전자는 갤럭시 제품간 연동을 통해 보다 향상된 카메라 경험을 제공할 것""이라며 ""다음달 1일 진행되는 갤럭시 언팩에서 새로운 갤럭시 스마트폰과 관련된 더 많은 내용들이 소개 될 것""이라고 말했다."
27,"<b>삼성전자</b>, <b>버즈2프로</b>·갤워치로 스마트폰 카메라 사용성↑",https://view.asiae.co.kr/article/2023011308474748754,https://n.news.naver.com/mnews/article/277/0005204729?sid=105,<b>삼성전자</b>는 갤럭시 <b>버즈2 프로</b>와 갤럭시 Z 플립4·폴드4의 소프트웨어 <b>업데이트</b>를 통해 360 오디오 레코딩 기능을 지원한다. <b>버즈2 프로</b>를 착용하고 연결된 Z 플립4·폴드4로 북적거리는 행사장이나 새소리와 물소리가... ,"Fri, 13 Jan 2023 08:47:00 +0900","삼성전자가 갤럭시 버즈2 프로와 갤럭시 워치로 스마트폰 카메라의 사용성을 한단계 더 끌어올린다.삼성전자는 스마트폰 동영상 촬영 시 360도 사운드 녹음이 가능하도록 갤럭시 버즈2 프로와 갤럭시 Z 플립4폴드4의 소프트웨어 업데이트를 13일부터 시행한다고 밝혔다. 또한 갤럭시 워치5와 워치4 시리즈의 소프트웨어 업데이트를 통해 스마트폰 카메라를 원격으로 줌 인(Zooming In)·줌 아웃(Zooming Out) 할 수 있는 기능을 추가한다.삼성전자는 갤럭시 버즈2 프로와 갤럭시 Z 플립4·폴드4의 소프트웨어 업데이트를 통해 360 오디오 레코딩 기능을 지원한다.버즈2 프로를 착용하고 연결된 Z 플립4·폴드4로 북적거리는 행사장이나 새소리와 물소리가 가득한 숲 한가운데서 동영상을 촬영할 경우, 촬영자는 연결된 버즈2 프로를 통해 본인이 듣는 그대로 생생한 몰입형 사운드를 녹음할 수 있다.갤럭시 버즈2 프로 좌우에 위치한 마이크를 모두 사용해 360도 사운드를 포착하기 때문이다. 전문 장비 없이도 언제 어디서든, 누구나 고품질의 실감 나는 오디오를 동영상에 담을 수 있다.특히 360 오디오 레코딩은 차세대 블루투스 오디오 기술 표준인 LE 오디오(Low Energy Audio)를 적용했다. LE 오디오 기술은 보다 풍부하고 섬세한 사운드, 매끄러운 연결성, 향상된 배터리 수명을 제공한다.삼성전자는 스마트폰 카메라 사용성 향상을 위해 갤럭시 워치5와 워치4 시리즈에 카메라 줌 인 줌 아웃 기능을 추가한다.해당 기능은 2월 중 기존의 워치 카메라 컨트롤러 앱에 추가할 예정이다. 현재는 사진 촬영, 촬영한 사진 보기, 촬영 모드 전환, 타이머 설정이 가능하다.사용자는 시계 화면을 손가락으로 늘리거나 줄이는 핀치 동작이나, 시계의 베젤을 돌려 갤럭시 스마트폰의 카메라 줌을 원격으로 제어할 수 있게 된다.이를 통해 스마트폰을 먼 거리에 세워두고 단체 사진이나 단독 셀카를 찍을 때 카메라가 있는 곳까지 돌아갈 필요없이 손목에서 바로 손쉽게 화면 배율 조정을 할 수 있다.해당 기능은 원 UI 5.1 소프트웨어 지원 스마트폰과 연동해 이용 가능하다. 적용 모델과 세부 시점은 추후 안내한다.삼성전자 관계자는 ""삼성전자는 갤럭시 제품 간 연동을 통해 보다 향상된 카메라 경험을 제공할 것""이라며 ""다음 달 1일 진행되는 갤럭시 언팩에서 새로운 갤럭시 스마트폰과 관련된 더 많은 내용을 소개할 것""이라고 말했다."
28,워치로 카메라 줌인하고 <b>버즈</b>로 소리 녹음…<b>삼성</b> SW <b>업데이트</b>,http://www.dt.co.kr/contents.html?article_no=2023011302109931029002&ref=naver,https://n.news.naver.com/mnews/article/029/0002778488?sid=105,"<b>삼성전자</b>가 스마트폰으로 동영상 촬영 시 360도 사운드 녹음이 가능하도록 &apos;갤럭시 <b>버즈2 프로</b>&apos;와 &apos;갤럭시Z플립4·폴드4&apos;의 소프트웨어 <b>업데이트</b>를 13일부터 시행한다. <b>삼성전자</b>에 따르면, 이날부터 소프트웨어를... ","Fri, 13 Jan 2023 14:07:00 +0900","삼성전자가 스마트폰으로 동영상 촬영 시 360도 사운드 녹음이 가능하도록 '갤럭시 버즈2 프로'와 '갤럭시Z플립4·폴드4'의 소프트웨어 업데이트를 13일부터 시행한다.삼성전자에 따르면, 이날부터 소프트웨어를 업데이트하면, 360 오디오 레코딩 기능이 지원된다.버즈2 프로를 착용하고 연결된 Z플립4폴드4로 북적거리는 행사장이나 새소리와 물소리가 가득한 숲 한가운데서 동영상을 촬영하면, 촬영자는 연결된 버즈2 프로를 통해 몰입형 사운드를 녹음할 수 있게 된다. 갤럭시 버즈2 프로의 좌우에 위치한 마이크를 모두 사용하기 때문이다. 360 오디오 레코딩은 차세대 블루투스 오디오 기술 표준인 LE 오디오(Low Energy Audio)를 적용했다.이와 함께 삼성전자는 갤럭시 워치5와 워치4 시리즈의 소프트웨어 업데이트를 통해 스마트폰 카메라를 원격으로 줌 인·줌 아웃할 수 있는 기능을 추가한다. 해당 기능은 내달 중 기존의 워치 카메라 컨트롤러 앱에 추가된다. 현재는 사진 촬영, 촬영한 사진 보기, 촬영 모드 전환, 타이머 설정이 가능하다.사용자는 시계 화면을 손가락으로 늘리거나 줄이는 핀치 동작이나 시계의 베젤을 돌려 갤럭시 스마트폰의 카메라 줌을 원격으로 제어할 수 있게 된다. 해당 기능은 원 UI 5.1 소프트웨어 지원 스마트폰과 연동해 이용 가능하다. 적용 모델과 세부 시점은 추후 안내된다.삼성전자 관계자는 ""삼성전자는 갤럭시 제품간 연동을 통해 보다 향상된 카메라 경험을 제공할 것""이라며 ""다음달 1일 진행되는 갤럭시 언팩에서 새로운 갤럭시 스마트폰과 관련된 더 많은 내용들이 소개될 것""이라고 말했다."
29,"<b>삼성전자</b>, 갤럭시<b>버즈2 프로</b>‧워치로 스마트폰 카메라 사용성↑",https://daily.hankooki.com/news/articleView.html?idxno=914100,https://daily.hankooki.com/news/articleView.html?idxno=914100,<b>삼성전자</b>는 갤럭시 <b>버즈2 프로</b>와 갤럭시 Z 플립4‧폴드4의 소프트웨어 <b>업데이트</b>를 통해 360 오디오 레코딩 기능을 지원한다. 이를 통해 <b>버즈2 프로</b>를 착용하고 연결된 Z 플립4‧폴드4로 북적거리는 행사장이나 새소리와... ,"Fri, 13 Jan 2023 08:42:00 +0900","[데일리한국 김언한 기자] 삼성전자가 갤럭시 버즈2 프로와 갤럭시 워치를 통해 스마트폰 카메라의 사용성을 높인다. 삼성전자는 스마트폰 동영상 촬영 시 360도 사운드 녹음이 가능하도록 갤럭시 버즈2 프로와 갤럭시 Z 플립4‧폴드4의 소프트웨어 업데이트를 오는 13일부터 한다고 12일 밝혔다. 또 갤럭시 워치5와 워치4 시리즈의 소프트웨어 업데이트를 통해 스마트폰 카메라를 원격으로 줌 인(Zooming In)‧줌 아웃(Zooming Out) 할 수 있는 기능을 추가한다. 삼성전자는 갤럭시 버즈2 프로와 갤럭시 Z 플립4‧폴드4의 소프트웨어 업데이트를 통해 360 오디오 레코딩 기능을 지원한다. 이를 통해 버즈2 프로를 착용하고 연결된 Z 플립4‧폴드4로 북적거리는 행사장이나 새소리와 물소리가 가득한 숲 한가운데서 동영상을 촬영할 경우, 촬영자는 연결된 버즈2 프로를 통해 본인이 듣는 그대로의 생생한 몰입형 사운드를 녹음할 수 있게 된다. 이는 갤럭시 버즈2 프로의 좌우에 위치한 마이크를 모두 사용해 360도 사운드를 포착하기 때문이다. 전문 장비 없이도 언제 어디서든, 누구나 고품질의 실감나는 오디오를 동영상에 담을 수 있게 된다. 특히 360 오디오 레코딩은 차세대 블루투스 오디오 기술 표준인 LE 오디오(Low Energy Audio)를 적용했다. LE 오디오 기술은 보다 풍부하고 섬세한 사운드, 매끄러운 연결성, 향상된 배터리 수명을 제공한다. 삼성전자는 스마트폰 카메라 사용성 향상을 위해 갤럭시 워치5와 워치4 시리즈에 카메라 줌 인 줌 아웃 기능을 추가한다. 이 기능은 2월 중 기존의 워치 카메라 컨트롤러 앱에 추가된다. 현재는 사진 촬영, 촬영한 사진 보기, 촬영 모드 전환, 타이머 설정이 가능하다. 사용자는 시계 화면을 손가락으로 늘리거나 줄이는 핀치 동작이나, 시계의 베젤을 돌려 갤럭시 스마트폰의 카메라 줌을 원격으로 제어할 수 있게 된다. 이를 통해 스마트폰을 먼 거리에 세워두고 단체 사진이나 단독 셀카를 찍을 때 카메라가 있는 곳까지 돌아갈 필요없이 손목에서 바로 손쉽게 화면 배율 조정이 가능해진다. 이 기능은 원 UI 5.1 소프트웨어 지원 스마트폰과 연동해 이용 가능하다. 적용 모델과 세부 시점은 추후 안내된다. 삼성전자 관계자는 ""삼성전자는 갤럭시 제품간 연동을 통해 보다 향상된 카메라 경험을 제공할 것""이라며 ""다음달 1일 진행되는 갤럭시 언팩에서 새로운 갤럭시 스마트폰과 관련된 더 많은 내용들이 소개 될 것""이라고 말했다."
